-- phpMyAdmin SQL Dump
-- version 4.5.4.1deb2ubuntu2.1
-- http://www.phpmyadmin.net
--
-- Host: localhost
-- Generation Time: Mar 07, 2019 at 12:30 PM
-- Server version: 5.7.25-0ubuntu0.16.04.2
-- PHP Version: 7.3.2-3+ubuntu16.04.1+deb.sury.org+1

SET SQL_MODE = "NO_AUTO_VALUE_ON_ZERO";
SET time_zone = "+00:00";


/*!40101 SET @OLD_CHARACTER_SET_CLIENT=@@CHARACTER_SET_CLIENT */;
/*!40101 SET @OLD_CHARACTER_SET_RESULTS=@@CHARACTER_SET_RESULTS */;
/*!40101 SET @OLD_COLLATION_CONNECTION=@@COLLATION_CONNECTION */;
/*!40101 SET NAMES utf8mb4 */;

--
-- Database: `mobulous_asec`
--

-- --------------------------------------------------------

--
-- Table structure for table `admin`
--

CREATE TABLE `admin` (
  `id` int(11) NOT NULL,
  `email` varchar(500) NOT NULL,
  `password` varchar(500) NOT NULL,
  `fullname` varchar(500) NOT NULL,
  `image` varchar(500) NOT NULL,
  `created_at` timestamp NOT NULL DEFAULT CURRENT_TIMESTAMP ON UPDATE CURRENT_TIMESTAMP,
  `updated_at` timestamp NOT NULL DEFAULT '0000-00-00 00:00:00'
) ENGINE=MyISAM DEFAULT CHARSET=latin1;

--
-- Dumping data for table `admin`
--

INSERT INTO `admin` (`id`, `email`, `password`, `fullname`, `image`, `created_at`, `updated_at`) VALUES
(1, 'ram.pratap@mobulous.com', '12345678', 'Ram', 'icon/avatar-01.jpg', '2018-12-11 09:52:04', '0000-00-00 00:00:00');

-- --------------------------------------------------------

--
-- Table structure for table `assignments`
--

CREATE TABLE `assignments` (
  `id` int(11) NOT NULL,
  `title` varchar(500) NOT NULL,
  `file` varchar(500) NOT NULL,
  `solution` varchar(500) NOT NULL,
  `created_at` timestamp NOT NULL DEFAULT CURRENT_TIMESTAMP ON UPDATE CURRENT_TIMESTAMP,
  `updated_at` timestamp NOT NULL DEFAULT '0000-00-00 00:00:00'
) ENGINE=MyISAM DEFAULT CHARSET=latin1;

--
-- Dumping data for table `assignments`
--

INSERT INTO `assignments` (`id`, `title`, `file`, `solution`, `created_at`, `updated_at`) VALUES
(1, 'Assignments A', 'http://mobuloustech.com/asecapi/public/assignments/ssc-mathematics-chapterwise(sscguides.com).pdf', 'http://mobuloustech.com/asecapi/public/assignments/ssc-mathematics-chapterwise(sscguides.com).pdf', '2018-12-13 11:02:02', '0000-00-00 00:00:00'),
(2, 'Assignments B', 'http://mobuloustech.com/asecapi/public/assignments/ssc-mathematics-chapterwise(sscguides.com).pdf', 'http://mobuloustech.com/asecapi/public/assignments/ssc-mathematics-chapterwise(sscguides.com).pdf', '2018-12-13 11:02:02', '0000-00-00 00:00:00');

-- --------------------------------------------------------

--
-- Table structure for table `attempts`
--

CREATE TABLE `attempts` (
  `id` int(11) NOT NULL,
  `question_id` varchar(500) NOT NULL,
  `user_id` varchar(500) NOT NULL DEFAULT '',
  `user_ans` varchar(500) NOT NULL,
  `created_at` timestamp NOT NULL DEFAULT CURRENT_TIMESTAMP ON UPDATE CURRENT_TIMESTAMP,
  `updated_at` timestamp NOT NULL DEFAULT '0000-00-00 00:00:00'
) ENGINE=MyISAM DEFAULT CHARSET=latin1;

--
-- Dumping data for table `attempts`
--

INSERT INTO `attempts` (`id`, `question_id`, `user_id`, `user_ans`, `created_at`, `updated_at`) VALUES
(1, '2', '3', 'option_b', '2018-12-18 17:33:59', '2018-12-18 17:33:59'),
(2, '3', '3', 'option_c', '2018-12-18 12:09:16', '2018-12-18 17:39:16'),
(3, '4', '3', 'option_c', '2018-12-18 17:35:12', '2018-12-18 17:35:12'),
(4, '4', '3', 'option_c', '2018-12-18 17:37:07', '2018-12-18 17:37:07'),
(5, '1', '3', 'option_a', '2018-12-19 11:34:12', '2018-12-19 11:34:12'),
(6, '1', '3', 'option_a', '2018-12-19 11:35:38', '2018-12-19 11:35:38'),
(7, '1', '3', 'option_a', '2018-12-19 12:21:08', '2018-12-19 12:21:08'),
(8, '2', '3', 'option_c', '2018-12-19 06:54:33', '2018-12-19 12:24:33'),
(9, '3', '3', 'option_c', '2018-12-19 12:25:12', '2018-12-19 12:25:12'),
(10, '6', '51', 'option_d', '2018-12-19 16:16:24', '2018-12-19 16:16:24'),
(11, '7', '51', 'option_d', '2018-12-19 16:19:18', '2018-12-19 16:19:18'),
(12, '6', '51', 'option_a', '2018-12-19 16:20:41', '2018-12-19 16:20:41'),
(13, '7', '51', 'option_d', '2018-12-19 16:22:30', '2018-12-19 16:22:30'),
(14, '6', '51', 'option_b', '2018-12-19 16:22:39', '2018-12-19 16:22:39'),
(15, '6', '51', 'option_d', '2018-12-19 16:30:50', '2018-12-19 16:30:50'),
(16, '7', '51', 'option_a', '2018-12-19 16:50:41', '2018-12-19 16:50:41'),
(17, '8', '51', 'option_d', '2018-12-19 16:50:43', '2018-12-19 16:50:43'),
(18, '6', '51', 'option_b', '2018-12-19 16:51:16', '2018-12-19 16:51:16'),
(19, '6', '51', 'option_a', '2018-12-19 16:54:03', '2018-12-19 16:54:03'),
(20, '8', '51', 'option_d', '2018-12-19 16:55:15', '2018-12-19 16:55:15'),
(21, '6', '51', 'option_a', '2018-12-19 16:56:25', '2018-12-19 16:56:25'),
(22, '7', '51', 'option_d', '2018-12-19 16:56:29', '2018-12-19 16:56:29'),
(23, '8', '51', 'option_c', '2018-12-19 16:56:33', '2018-12-19 16:56:33'),
(24, '6', '51', 'option_b', '2018-12-19 16:57:15', '2018-12-19 16:57:15'),
(25, '6', '51', 'option_a', '2018-12-19 17:04:13', '2018-12-19 17:04:13'),
(26, '1', '51', 'option_c', '2018-12-19 11:58:15', '2018-12-19 17:28:15'),
(27, '4', '51', 'option_a', '2018-12-19 17:28:17', '2018-12-19 17:28:17'),
(28, '6', '51', 'option_d', '2018-12-19 12:01:28', '2018-12-19 17:31:28'),
(29, '7', '51', 'option_d', '2018-12-19 17:35:29', '2018-12-19 17:35:29'),
(30, '8', '51', 'option_d', '2018-12-19 17:35:31', '2018-12-19 17:35:31'),
(31, '9', '51', 'option_a', '2018-12-19 17:35:34', '2018-12-19 17:35:34'),
(32, '6', '51', 'option_a', '2018-12-19 17:44:12', '2018-12-19 17:44:12'),
(33, '6', '51', 'option_a', '2018-12-19 17:48:32', '2018-12-19 17:48:32'),
(34, '7', '51', 'option_c', '2018-12-19 17:48:33', '2018-12-19 17:48:33'),
(35, '8', '51', 'option_b', '2018-12-19 17:48:35', '2018-12-19 17:48:35'),
(36, '9', '51', 'option_b', '2018-12-19 17:48:38', '2018-12-19 17:48:38'),
(37, '6', '51', 'option_a', '2018-12-19 17:50:43', '2018-12-19 17:50:43'),
(38, '7', '51', 'option_c', '2018-12-19 17:50:45', '2018-12-19 17:50:45'),
(39, '8', '51', 'option_a', '2018-12-19 17:50:47', '2018-12-19 17:50:47'),
(40, '9', '51', 'option_d', '2018-12-19 17:50:48', '2018-12-19 17:50:48'),
(41, '6', '51', 'option_b', '2018-12-19 17:59:50', '2018-12-19 17:59:50'),
(42, '7', '51', 'option_b', '2018-12-19 17:59:53', '2018-12-19 17:59:53'),
(43, '8', '51', 'option_b', '2018-12-19 17:59:57', '2018-12-19 17:59:57'),
(44, '6', '51', 'option_a', '2018-12-19 18:14:39', '2018-12-19 18:14:39'),
(45, '6', '51', 'option_a', '2018-12-19 18:16:38', '2018-12-19 18:16:38'),
(46, '6', '51', 'option_c', '2018-12-19 18:18:13', '2018-12-19 18:18:13'),
(47, '6', '51', 'option_a', '2018-12-19 18:18:39', '2018-12-19 18:18:39'),
(48, '7', '51', 'option_a', '2018-12-19 18:18:40', '2018-12-19 18:18:40'),
(49, '8', '51', 'option_a', '2018-12-19 18:18:42', '2018-12-19 18:18:42'),
(50, '9', '51', 'option_b', '2018-12-19 18:18:43', '2018-12-19 18:18:43'),
(51, '6', '51', 'option_b', '2018-12-19 18:19:19', '2018-12-19 18:19:19'),
(52, '7', '51', 'option_b', '2018-12-19 12:49:50', '2018-12-19 18:19:50'),
(53, '6', '51', 'option_a', '2018-12-19 18:21:38', '2018-12-19 18:21:38'),
(54, '6', '51', 'option_a', '2018-12-19 18:30:23', '2018-12-19 18:30:23'),
(55, '7', '51', 'option_b', '2018-12-19 18:30:33', '2018-12-19 18:30:33'),
(56, '8', '51', 'option_a', '2018-12-19 18:30:55', '2018-12-19 18:30:55'),
(57, '6', '51', 'option_a', '2018-12-19 18:31:32', '2018-12-19 18:31:32'),
(58, '7', '51', 'option_b', '2018-12-19 18:31:54', '2018-12-19 18:31:54'),
(59, '8', '51', 'option_a', '2018-12-19 18:32:14', '2018-12-19 18:32:14'),
(60, '9', '51', 'option_b', '2018-12-19 18:32:50', '2018-12-19 18:32:50'),
(61, '4', '51', 'option_b', '2018-12-19 18:33:18', '2018-12-19 18:33:18'),
(62, '1', '3', 'option_a', '2018-12-19 18:36:20', '2018-12-19 18:36:20'),
(63, '2', '3', 'option_a', '2018-12-19 18:37:24', '2018-12-19 18:37:24'),
(64, '2', '3', 'option_b', '2018-12-19 14:05:44', '2018-12-19 19:35:44'),
(65, '6', '51', 'option_b', '2018-12-19 18:48:06', '2018-12-19 18:48:06'),
(66, '7', '51', 'option_b', '2018-12-19 18:48:10', '2018-12-19 18:48:10'),
(67, '8', '51', 'option_b', '2018-12-19 18:48:30', '2018-12-19 18:48:30'),
(68, '9', '51', 'option_b', '2018-12-19 18:48:32', '2018-12-19 18:48:32'),
(69, '6', '51', 'option_b', '2018-12-19 18:50:53', '2018-12-19 18:50:53'),
(70, '7', '51', 'option_b', '2018-12-19 18:50:56', '2018-12-19 18:50:56'),
(71, '6', '51', 'option_a', '2018-12-19 18:54:07', '2018-12-19 18:54:07'),
(72, '7', '51', 'option_d', '2018-12-19 13:24:24', '2018-12-19 18:54:24'),
(73, '8', '51', 'option_b', '2018-12-19 18:54:33', '2018-12-19 18:54:33'),
(74, '6', '51', 'option_b', '2018-12-19 18:55:16', '2018-12-19 18:55:16'),
(75, '6', '51', 'option_b', '2018-12-19 18:58:53', '2018-12-19 18:58:53'),
(76, '7', '51', 'option_b', '2018-12-19 18:59:29', '2018-12-19 18:59:29'),
(77, '8', '51', 'option_b', '2018-12-19 18:59:31', '2018-12-19 18:59:31'),
(78, '9', '51', 'option_b', '2018-12-19 18:59:33', '2018-12-19 18:59:33'),
(79, '6', '51', 'option_b', '2018-12-19 13:39:54', '2018-12-19 19:09:54'),
(80, '6', '51', 'option_c', '2018-12-19 13:40:52', '2018-12-19 19:10:52'),
(81, '7', '51', 'option_a', '2018-12-19 19:10:56', '2018-12-19 19:10:56'),
(82, '6', '51', 'option_b', '2018-12-19 19:16:20', '2018-12-19 19:16:20'),
(83, '1', '51', 'option_a', '2018-12-19 19:16:41', '2018-12-19 19:16:41'),
(84, '2', '51', 'option_c', '2018-12-19 19:16:44', '2018-12-19 19:16:44'),
(85, '3', '51', 'option_b', '2018-12-19 19:16:47', '2018-12-19 19:16:47'),
(86, '1', '51', 'option_a', '2018-12-19 19:17:04', '2018-12-19 19:17:04'),
(87, '2', '51', 'option_c', '2018-12-19 19:17:07', '2018-12-19 19:17:07'),
(88, '3', '51', 'option_d', '2018-12-19 19:17:10', '2018-12-19 19:17:10'),
(89, '4', '51', 'option_c', '2018-12-19 19:17:12', '2018-12-19 19:17:12'),
(90, '6', '51', 'option_a', '2018-12-19 19:17:36', '2018-12-19 19:17:36'),
(91, '7', '51', 'option_d', '2018-12-19 19:17:38', '2018-12-19 19:17:38'),
(92, '8', '51', 'option_b', '2018-12-19 19:17:40', '2018-12-19 19:17:40'),
(93, '9', '51', 'option_b', '2018-12-19 19:17:41', '2018-12-19 19:17:41'),
(94, '6', '51', 'option_a', '2018-12-19 19:18:38', '2018-12-19 19:18:38'),
(95, '7', '51', 'option_d', '2018-12-19 19:18:40', '2018-12-19 19:18:40'),
(96, '8', '51', 'option_d', '2018-12-19 19:18:42', '2018-12-19 19:18:42'),
(97, '9', '51', 'option_b', '2018-12-19 19:18:46', '2018-12-19 19:18:46'),
(98, '6', '51', 'option_b', '2018-12-19 19:18:58', '2018-12-19 19:18:58'),
(99, '7', '51', 'option_d', '2018-12-19 19:19:00', '2018-12-19 19:19:00'),
(100, '8', '51', 'option_b', '2018-12-19 19:19:01', '2018-12-19 19:19:01'),
(101, '6', '51', 'option_a', '2018-12-19 19:20:02', '2018-12-19 19:20:02'),
(102, '7', '51', 'option_c', '2018-12-19 19:20:05', '2018-12-19 19:20:05'),
(103, '8', '51', 'option_b', '2018-12-19 19:20:07', '2018-12-19 19:20:07'),
(104, '9', '51', 'option_b', '2018-12-19 19:20:09', '2018-12-19 19:20:09'),
(105, '6', '51', 'option_b', '2018-12-19 19:22:04', '2018-12-19 19:22:04'),
(106, '6', '51', 'option_b', '2018-12-19 13:57:26', '2018-12-19 19:27:26'),
(107, '7', '51', 'option_b', '2018-12-19 13:57:34', '2018-12-19 19:27:34'),
(108, '8', '51', 'option_b', '2018-12-19 19:27:12', '2018-12-19 19:27:12'),
(109, '9', '51', 'option_d', '2018-12-19 19:27:47', '2018-12-19 19:27:47'),
(110, '3', '3', 'option_b', '2018-12-19 14:06:03', '2018-12-19 19:36:03'),
(111, '4', '3', 'option_b', '2018-12-19 14:06:17', '2018-12-19 19:36:17'),
(112, '6', '51', 'option_c', '2018-12-19 14:09:34', '2018-12-19 19:39:34'),
(113, '7', '51', 'option_d', '2018-12-19 14:09:39', '2018-12-19 19:39:39'),
(114, '8', '51', 'option_d', '2018-12-19 19:39:21', '2018-12-19 19:39:21'),
(115, '9', '51', 'option_d', '2018-12-19 14:09:44', '2018-12-19 19:39:44'),
(116, '6', '51', 'option_a', '2018-12-19 20:12:10', '2018-12-19 20:12:10'),
(117, '7', '51', 'option_b', '2018-12-19 20:12:11', '2018-12-19 20:12:11'),
(118, '8', '51', 'option_b', '2018-12-19 20:12:13', '2018-12-19 20:12:13'),
(119, '9', '51', 'option_a', '2018-12-19 20:12:15', '2018-12-19 20:12:15'),
(120, '6', '51', 'option_b', '2018-12-19 17:17:46', '2018-12-19 22:47:46'),
(121, '7', '51', 'option_b', '2018-12-19 22:46:50', '2018-12-19 22:46:50'),
(122, '8', '51', 'option_b', '2018-12-19 17:17:36', '2018-12-19 22:47:36'),
(123, '9', '51', 'option_b', '2018-12-19 17:17:20', '2018-12-19 22:47:20'),
(124, '6', '51', 'option_a', '2018-12-20 10:54:41', '2018-12-20 10:54:41'),
(125, '7', '51', 'option_c', '2018-12-20 10:54:44', '2018-12-20 10:54:44'),
(126, '8', '51', 'option_d', '2018-12-20 10:54:46', '2018-12-20 10:54:46'),
(127, '9', '51', 'option_d', '2018-12-20 10:54:48', '2018-12-20 10:54:48'),
(128, '6', '51', 'option_a', '2018-12-20 11:03:40', '2018-12-20 11:03:40'),
(129, '7', '51', 'option_b', '2018-12-20 11:03:46', '2018-12-20 11:03:46'),
(130, '8', '51', 'option_d', '2018-12-20 11:03:47', '2018-12-20 11:03:47'),
(131, '9', '51', 'option_d', '2018-12-20 11:03:49', '2018-12-20 11:03:49'),
(132, '6', '51', 'option_b', '2018-12-20 11:04:05', '2018-12-20 11:04:05'),
(133, '7', '51', 'option_b', '2018-12-20 11:04:07', '2018-12-20 11:04:07'),
(134, '8', '51', 'option_b', '2018-12-20 11:04:08', '2018-12-20 11:04:08'),
(135, '9', '51', 'option_b', '2018-12-20 11:04:09', '2018-12-20 11:04:09'),
(136, '6', '51', 'option_b', '2018-12-20 05:35:25', '2018-12-20 11:05:25'),
(137, '7', '51', 'option_c', '2018-12-20 05:35:14', '2018-12-20 11:05:14'),
(138, '8', '51', 'option_d', '2018-12-20 11:04:53', '2018-12-20 11:04:53'),
(139, '9', '51', 'option_d', '2018-12-20 11:04:55', '2018-12-20 11:04:55'),
(140, '6', '51', 'option_a', '2018-12-20 11:05:32', '2018-12-20 11:05:32'),
(141, '7', '51', 'option_d', '2018-12-20 11:05:36', '2018-12-20 11:05:36'),
(142, '8', '51', 'option_d', '2018-12-20 11:05:38', '2018-12-20 11:05:38'),
(143, '6', '51', 'option_a', '2018-12-20 11:05:47', '2018-12-20 11:05:47'),
(144, '7', '51', 'option_c', '2018-12-20 11:05:51', '2018-12-20 11:05:51'),
(145, '8', '51', 'option_c', '2018-12-20 11:05:53', '2018-12-20 11:05:53'),
(146, '6', '51', 'option_a', '2018-12-20 11:15:13', '2018-12-20 11:15:13'),
(147, '7', '51', 'option_d', '2018-12-20 11:15:15', '2018-12-20 11:15:15'),
(148, '8', '51', 'option_b', '2018-12-20 11:15:16', '2018-12-20 11:15:16'),
(149, '9', '51', 'option_b', '2018-12-20 11:15:18', '2018-12-20 11:15:18'),
(150, '6', '51', 'option_b', '2018-12-20 05:45:49', '2018-12-20 11:15:49'),
(151, '7', '51', 'option_b', '2018-12-20 05:45:51', '2018-12-20 11:15:51'),
(152, '8', '51', 'option_b', '2018-12-20 11:15:35', '2018-12-20 11:15:35'),
(153, '9', '51', 'option_c', '2018-12-20 11:15:55', '2018-12-20 11:15:55'),
(155, '1', '3', 'option_a', '2018-12-20 11:18:08', '2018-12-20 11:18:08'),
(156, '3', '3', 'option_c', '2018-12-20 11:18:49', '2018-12-20 11:18:49'),
(157, '6', '51', 'option_a', '2018-12-20 11:20:19', '2018-12-20 11:20:19'),
(158, '7', '51', 'option_a', '2018-12-20 11:20:21', '2018-12-20 11:20:21'),
(159, '8', '51', 'option_b', '2018-12-20 11:20:22', '2018-12-20 11:20:22'),
(160, '1', '51', 'option_a', '2018-12-20 11:20:49', '2018-12-20 11:20:49'),
(161, '2', '51', 'option_a', '2018-12-20 11:20:52', '2018-12-20 11:20:52'),
(162, '3', '51', 'option_b', '2018-12-20 11:20:54', '2018-12-20 11:20:54'),
(163, '1', '3', 'option_a', '2018-12-20 11:21:59', '2018-12-20 11:21:59'),
(164, '1', '51', 'option_a', '2018-12-20 11:22:08', '2018-12-20 11:22:08'),
(165, '2', '51', 'option_a', '2018-12-20 11:22:39', '2018-12-20 11:22:39'),
(166, '3', '3', 'option_a', '2018-12-20 11:23:04', '2018-12-20 11:23:04'),
(167, '3', '51', 'option_a', '2018-12-20 11:23:05', '2018-12-20 11:23:05'),
(168, '6', '51', 'option_a', '2018-12-20 11:25:22', '2018-12-20 11:25:22'),
(169, '7', '51', 'option_a', '2018-12-20 11:25:23', '2018-12-20 11:25:23'),
(170, '6', '51', 'option_a', '2018-12-20 11:32:10', '2018-12-20 11:32:10'),
(171, '7', '51', 'option_c', '2018-12-20 11:32:12', '2018-12-20 11:32:12'),
(172, '8', '51', 'option_c', '2018-12-20 11:32:14', '2018-12-20 11:32:14'),
(173, '9', '51', 'option_b', '2018-12-20 11:32:16', '2018-12-20 11:32:16'),
(174, '6', '51', 'option_b', '2018-12-20 06:06:35', '2018-12-20 11:36:35'),
(175, '7', '51', 'option_b', '2018-12-20 06:06:43', '2018-12-20 11:36:43'),
(176, '8', '51', 'option_b', '2018-12-20 11:35:30', '2018-12-20 11:35:30'),
(177, '6', '51', 'option_a', '2018-12-20 11:38:51', '2018-12-20 11:38:51'),
(178, '7', '51', 'option_a', '2018-12-20 11:39:52', '2018-12-20 11:39:52'),
(179, '6', '51', 'option_a', '2018-12-20 11:49:22', '2018-12-20 11:49:22'),
(180, '7', '51', 'option_a', '2018-12-20 11:49:25', '2018-12-20 11:49:25'),
(181, '8', '51', 'option_a', '2018-12-20 11:49:27', '2018-12-20 11:49:27'),
(182, '6', '51', 'option_b', '2018-12-20 11:50:25', '2018-12-20 11:50:25'),
(183, '7', '51', 'option_b', '2018-12-20 11:50:33', '2018-12-20 11:50:33'),
(184, '8', '51', 'option_b', '2018-12-20 11:50:44', '2018-12-20 11:50:44'),
(185, '9', '51', 'option_b', '2018-12-20 11:52:45', '2018-12-20 11:52:45'),
(186, '6', '51', 'option_b', '2018-12-20 06:27:19', '2018-12-20 11:57:19'),
(192, '10', '51', 'option_d', '2018-12-20 11:58:26', '2018-12-20 11:58:26'),
(188, '7', '51', 'option_b', '2018-12-20 06:27:21', '2018-12-20 11:57:21'),
(200, '8', '51', 'option_b', '2018-12-20 12:32:06', '2018-12-20 12:32:06'),
(194, '6', '51', 'option_d', '2018-12-20 06:29:32', '2018-12-20 11:59:32'),
(199, '7', '51', 'option_d', '2018-12-20 12:32:04', '2018-12-20 12:32:04'),
(198, '6', '51', 'option_a', '2018-12-20 12:32:01', '2018-12-20 12:32:01'),
(201, '6', '51', 'option_b', '2018-12-20 12:44:01', '2018-12-20 12:44:01'),
(202, '7', '51', 'option_c', '2018-12-20 12:44:03', '2018-12-20 12:44:03'),
(203, '8', '51', 'option_c', '2018-12-20 12:44:05', '2018-12-20 12:44:05'),
(204, '9', '51', 'option_d', '2018-12-20 12:44:22', '2018-12-20 12:44:22'),
(205, '6', '51', 'option_a', '2018-12-20 13:02:20', '2018-12-20 13:02:20'),
(206, '6', '51', 'option_a', '2018-12-20 13:02:30', '2018-12-20 13:02:30'),
(207, '6', '51', 'option_a', '2018-12-20 14:39:33', '2018-12-20 14:39:33'),
(208, '7', '51', 'option_a', '2018-12-20 14:39:34', '2018-12-20 14:39:34'),
(209, '6', '51', 'option_b', '2018-12-20 14:43:26', '2018-12-20 14:43:26'),
(210, '7', '51', 'option_b', '2018-12-20 14:43:27', '2018-12-20 14:43:27'),
(211, '6', '51', 'option_b', '2018-12-20 14:46:57', '2018-12-20 14:46:57'),
(212, '6', '51', 'option_b', '2018-12-20 14:49:08', '2018-12-20 14:49:08'),
(213, '6', '51', 'option_b', '2018-12-20 14:49:58', '2018-12-20 14:49:58'),
(214, '6', '51', 'option_d', '2018-12-20 09:27:05', '2018-12-20 14:57:05'),
(215, '7', '51', 'option_a', '2018-12-20 14:56:03', '2018-12-20 14:56:03'),
(216, '7', '51', 'option_a', '2018-12-20 09:31:52', '2018-12-20 15:01:52'),
(217, '8', '51', 'option_d', '2018-12-20 14:56:37', '2018-12-20 14:56:37'),
(218, '8', '51', 'option_a', '2018-12-20 15:01:54', '2018-12-20 15:01:54'),
(219, '8', '51', 'option_c', '2018-12-20 15:02:24', '2018-12-20 15:02:24'),
(220, '8', '51', 'option_c', '2018-12-20 15:02:58', '2018-12-20 15:02:58'),
(221, '6', '51', 'option_c', '2018-12-20 15:09:00', '2018-12-20 15:09:00'),
(222, '7', '51', 'option_c', '2018-12-20 15:09:02', '2018-12-20 15:09:02'),
(223, '6', '51', 'option_a', '2018-12-20 15:19:48', '2018-12-20 15:19:48'),
(224, '7', '51', 'option_b', '2018-12-20 15:19:50', '2018-12-20 15:19:50'),
(225, '8', '51', 'option_b', '2018-12-20 15:19:51', '2018-12-20 15:19:51'),
(226, '1', '51', 'option_c', '2018-12-20 15:21:11', '2018-12-20 15:21:11'),
(227, '2', '51', 'option_c', '2018-12-20 15:21:13', '2018-12-20 15:21:13'),
(228, '6', '51', 'option_a', '2018-12-20 15:24:17', '2018-12-20 15:24:17'),
(229, '7', '51', 'option_c', '2018-12-20 15:24:19', '2018-12-20 15:24:19'),
(230, '8', '51', 'option_c', '2018-12-20 15:24:20', '2018-12-20 15:24:20'),
(231, '8', '51', 'option_c', '2018-12-20 15:24:46', '2018-12-20 15:24:46'),
(232, '8', '51', 'option_c', '2018-12-20 15:26:11', '2018-12-20 15:26:11'),
(233, '6', '51', 'option_c', '2018-12-20 15:29:17', '2018-12-20 15:29:17'),
(234, '7', '51', 'option_c', '2018-12-20 15:29:19', '2018-12-20 15:29:19'),
(235, '8', '51', 'option_c', '2018-12-20 15:29:21', '2018-12-20 15:29:21'),
(236, '6', '51', 'option_a', '2018-12-20 15:29:53', '2018-12-20 15:29:53'),
(237, '7', '51', 'option_b', '2018-12-20 15:29:55', '2018-12-20 15:29:55'),
(238, '8', '51', 'option_b', '2018-12-20 15:29:56', '2018-12-20 15:29:56'),
(239, '9', '51', 'option_b', '2018-12-20 15:29:58', '2018-12-20 15:29:58'),
(240, '9', '51', 'option_b', '2018-12-20 15:40:27', '2018-12-20 15:40:27'),
(241, '9', '51', 'option_b', '2018-12-20 15:40:37', '2018-12-20 15:40:37'),
(242, '1', '51', 'option_a', '2018-12-20 15:53:28', '2018-12-20 15:53:28'),
(243, '2', '51', 'option_b', '2018-12-20 15:53:30', '2018-12-20 15:53:30'),
(244, '3', '51', 'option_b', '2018-12-20 15:53:31', '2018-12-20 15:53:31'),
(245, '6', '51', 'option_b', '2018-12-20 16:03:49', '2018-12-20 16:03:49'),
(246, '6', '51', 'option_c', '2018-12-20 16:04:50', '2018-12-20 16:04:50'),
(247, '6', '51', 'option_a', '2018-12-20 16:49:00', '2018-12-20 16:49:00'),
(248, '6', '51', 'option_c', '2018-12-20 16:50:26', '2018-12-20 16:50:26'),
(249, '6', '51', 'option_a', '2018-12-20 16:55:23', '2018-12-20 16:55:23'),
(250, '7', '51', 'option_b', '2018-12-20 16:55:25', '2018-12-20 16:55:25'),
(251, '6', '51', 'option_b', '2018-12-20 16:56:43', '2018-12-20 16:56:43'),
(252, '6', '51', 'option_a', '2018-12-20 16:58:22', '2018-12-20 16:58:22'),
(253, '7', '51', 'option_c', '2018-12-20 16:58:43', '2018-12-20 16:58:43'),
(254, '8', '51', 'option_c', '2018-12-20 16:58:46', '2018-12-20 16:58:46'),
(255, '9', '51', 'option_c', '2018-12-20 16:58:48', '2018-12-20 16:58:48'),
(256, '9', '51', 'option_b', '2018-12-20 17:02:00', '2018-12-20 17:02:00'),
(257, '10', '51', 'option_b', '2018-12-20 17:02:02', '2018-12-20 17:02:02'),
(258, '10', '51', 'option_b', '2018-12-20 17:02:50', '2018-12-20 17:02:50'),
(259, '6', '51', 'option_a', '2018-12-20 17:09:18', '2018-12-20 17:09:18'),
(260, '7', '51', 'option_b', '2018-12-20 17:09:20', '2018-12-20 17:09:20'),
(261, '8', '51', 'option_d', '2018-12-20 17:09:22', '2018-12-20 17:09:22'),
(262, '9', '51', 'option_d', '2018-12-20 17:09:23', '2018-12-20 17:09:23'),
(263, '1', '51', 'option_a', '2018-12-20 17:11:58', '2018-12-20 17:11:58'),
(264, '2', '51', 'option_b', '2018-12-20 17:11:59', '2018-12-20 17:11:59'),
(265, '3', '51', 'option_c', '2018-12-20 17:12:01', '2018-12-20 17:12:01'),
(266, '4', '51', 'option_c', '2018-12-20 17:12:02', '2018-12-20 17:12:02'),
(267, '6', '51', 'option_a', '2018-12-20 17:41:20', '2018-12-20 17:41:20'),
(268, '7', '51', 'option_a', '2018-12-20 17:41:23', '2018-12-20 17:41:23'),
(269, '8', '51', 'option_b', '2018-12-20 12:11:58', '2018-12-20 17:41:58'),
(270, '9', '51', 'option_a', '2018-12-20 12:12:02', '2018-12-20 17:42:02'),
(271, '10', '51', 'option_a', '2018-12-20 17:42:03', '2018-12-20 17:42:03'),
(272, '6', '51', 'option_a', '2018-12-20 17:52:56', '2018-12-20 17:52:56'),
(273, '7', '51', 'option_b', '2018-12-20 17:53:00', '2018-12-20 17:53:00'),
(274, '6', '51', 'option_a', '2018-12-20 17:54:03', '2018-12-20 17:54:03'),
(275, '7', '51', 'option_c', '2018-12-20 17:54:05', '2018-12-20 17:54:05'),
(276, '8', '51', 'option_b', '2018-12-20 17:54:07', '2018-12-20 17:54:07'),
(277, '9', '51', 'option_b', '2018-12-20 17:54:15', '2018-12-20 17:54:15'),
(278, '10', '51', 'option_b', '2018-12-20 17:54:17', '2018-12-20 17:54:17'),
(279, '6', '51', 'option_a', '2018-12-20 17:55:27', '2018-12-20 17:55:27'),
(280, '7', '51', 'option_b', '2018-12-20 17:55:29', '2018-12-20 17:55:29'),
(281, '8', '51', 'option_b', '2018-12-20 17:55:37', '2018-12-20 17:55:37'),
(282, '9', '51', 'option_b', '2018-12-20 17:55:38', '2018-12-20 17:55:38'),
(283, '9', '51', 'option_b', '2018-12-20 17:56:17', '2018-12-20 17:56:17'),
(284, '10', '51', 'option_b', '2018-12-20 17:57:02', '2018-12-20 17:57:02'),
(285, '6', '51', 'option_b', '2018-12-20 18:01:07', '2018-12-20 18:01:07'),
(286, '7', '51', 'option_d', '2018-12-20 18:01:08', '2018-12-20 18:01:08'),
(287, '8', '51', 'option_c', '2018-12-20 18:01:12', '2018-12-20 18:01:12'),
(288, '9', '51', 'option_c', '2018-12-20 18:01:13', '2018-12-20 18:01:13'),
(289, '9', '51', 'option_b', '2018-12-20 12:37:29', '2018-12-20 18:07:29'),
(290, '10', '51', 'option_c', '2018-12-20 18:09:07', '2018-12-20 18:09:07'),
(291, '6', '51', 'option_a', '2018-12-20 18:19:02', '2018-12-20 18:19:02'),
(292, '7', '51', 'option_c', '2018-12-20 18:19:04', '2018-12-20 18:19:04'),
(293, '8', '51', 'option_c', '2018-12-20 18:19:06', '2018-12-20 18:19:06'),
(294, '6', '51', 'option_a', '2018-12-20 18:25:27', '2018-12-20 18:25:27'),
(295, '7', '51', 'option_c', '2018-12-20 18:25:29', '2018-12-20 18:25:29'),
(296, '8', '51', 'option_c', '2018-12-20 18:25:31', '2018-12-20 18:25:31'),
(297, '9', '51', 'option_c', '2018-12-20 18:25:32', '2018-12-20 18:25:32'),
(298, '9', '51', 'option_c', '2018-12-20 18:26:33', '2018-12-20 18:26:33'),
(299, '6', '51', 'option_a', '2018-12-20 18:28:19', '2018-12-20 18:28:19'),
(300, '7', '51', 'option_c', '2018-12-20 18:28:21', '2018-12-20 18:28:21'),
(301, '8', '51', 'option_c', '2018-12-20 18:28:23', '2018-12-20 18:28:23'),
(302, '9', '51', 'option_c', '2018-12-20 18:28:24', '2018-12-20 18:28:24'),
(303, '6', '51', 'option_a', '2018-12-20 18:29:32', '2018-12-20 18:29:32'),
(304, '7', '51', 'option_b', '2018-12-20 18:29:34', '2018-12-20 18:29:34'),
(305, '8', '51', 'option_b', '2018-12-20 18:29:35', '2018-12-20 18:29:35'),
(306, '1', '51', 'option_c', '2018-12-20 18:30:29', '2018-12-20 18:30:29'),
(307, '2', '51', 'option_a', '2018-12-20 18:30:30', '2018-12-20 18:30:30'),
(308, '3', '51', 'option_a', '2018-12-20 18:30:32', '2018-12-20 18:30:32'),
(309, '1', '51', 'option_a', '2018-12-20 18:31:23', '2018-12-20 18:31:23'),
(310, '2', '51', 'option_b', '2018-12-20 18:31:25', '2018-12-20 18:31:25'),
(311, '3', '51', 'option_b', '2018-12-20 18:31:26', '2018-12-20 18:31:26'),
(312, '1', '51', 'option_a', '2018-12-20 18:32:57', '2018-12-20 18:32:57'),
(313, '2', '51', 'option_c', '2018-12-20 18:32:58', '2018-12-20 18:32:58'),
(314, '3', '51', 'option_c', '2018-12-20 18:33:00', '2018-12-20 18:33:00'),
(315, '6', '51', 'option_a', '2018-12-20 18:33:37', '2018-12-20 18:33:37'),
(316, '7', '51', 'option_d', '2018-12-20 18:33:39', '2018-12-20 18:33:39'),
(317, '8', '51', 'option_d', '2018-12-20 18:33:40', '2018-12-20 18:33:40'),
(318, '6', '51', 'option_b', '2018-12-20 18:34:18', '2018-12-20 18:34:18'),
(319, '7', '51', 'option_b', '2018-12-20 18:34:20', '2018-12-20 18:34:20'),
(320, '8', '51', 'option_b', '2018-12-20 18:34:21', '2018-12-20 18:34:21'),
(321, '6', '51', 'option_a', '2018-12-20 18:35:07', '2018-12-20 18:35:07'),
(322, '7', '51', 'option_c', '2018-12-20 18:35:09', '2018-12-20 18:35:09'),
(323, '1', '51', 'option_a', '2018-12-20 18:35:50', '2018-12-20 18:35:50'),
(324, '2', '51', 'option_c', '2018-12-20 18:35:51', '2018-12-20 18:35:51'),
(325, '3', '51', 'option_c', '2018-12-20 18:35:53', '2018-12-20 18:35:53'),
(326, '6', '51', 'option_c', '2018-12-20 18:38:06', '2018-12-20 18:38:06'),
(327, '7', '51', 'option_a', '2018-12-20 18:38:07', '2018-12-20 18:38:07'),
(328, '8', '51', 'option_a', '2018-12-20 18:38:08', '2018-12-20 18:38:08'),
(329, '1', '51', 'option_a', '2018-12-20 18:39:29', '2018-12-20 18:39:29'),
(330, '2', '51', 'option_b', '2018-12-20 18:39:31', '2018-12-20 18:39:31'),
(331, '3', '51', 'option_b', '2018-12-20 18:39:32', '2018-12-20 18:39:32'),
(332, '6', '51', 'option_a', '2018-12-20 18:41:31', '2018-12-20 18:41:31'),
(333, '7', '51', 'option_c', '2018-12-20 18:41:33', '2018-12-20 18:41:33'),
(334, '8', '51', 'option_b', '2018-12-20 18:41:35', '2018-12-20 18:41:35'),
(335, '9', '51', 'option_b', '2018-12-20 18:41:36', '2018-12-20 18:41:36'),
(336, '6', '51', 'option_a', '2018-12-20 18:44:07', '2018-12-20 18:44:07'),
(337, '7', '51', 'option_c', '2018-12-20 18:44:08', '2018-12-20 18:44:08'),
(338, '8', '51', 'option_c', '2018-12-20 18:44:10', '2018-12-20 18:44:10'),
(339, '6', '51', 'option_a', '2018-12-20 18:50:47', '2018-12-20 18:50:47'),
(340, '7', '51', 'option_c', '2018-12-20 18:50:49', '2018-12-20 18:50:49'),
(341, '8', '51', 'option_d', '2018-12-20 18:50:51', '2018-12-20 18:50:51'),
(342, '9', '51', 'option_d', '2018-12-20 18:50:52', '2018-12-20 18:50:52'),
(343, '1', '51', 'option_b', '2018-12-20 18:52:58', '2018-12-20 18:52:58'),
(344, '2', '51', 'option_c', '2018-12-20 18:53:00', '2018-12-20 18:53:00'),
(345, '3', '51', 'option_b', '2018-12-20 18:53:02', '2018-12-20 18:53:02'),
(346, '4', '51', 'option_b', '2018-12-20 18:53:03', '2018-12-20 18:53:03'),
(347, '6', '51', 'option_a', '2018-12-20 18:53:25', '2018-12-20 18:53:25'),
(348, '7', '51', 'option_b', '2018-12-20 18:53:28', '2018-12-20 18:53:28'),
(349, '8', '51', 'option_b', '2018-12-20 18:53:31', '2018-12-20 18:53:31'),
(350, '9', '51', 'option_b', '2018-12-20 18:53:31', '2018-12-20 18:53:31'),
(351, '9', '51', 'option_b', '2018-12-20 19:00:14', '2018-12-20 19:00:14'),
(352, '9', '51', 'option_b', '2018-12-20 19:00:46', '2018-12-20 19:00:46'),
(353, '6', '51', 'option_a', '2018-12-20 23:42:23', '2018-12-20 23:42:23'),
(354, '7', '51', 'option_d', '2018-12-20 23:42:25', '2018-12-20 23:42:25'),
(355, '8', '51', 'option_c', '2018-12-20 23:42:27', '2018-12-20 23:42:27'),
(356, '9', '51', 'option_c', '2018-12-20 23:42:29', '2018-12-20 23:42:29'),
(357, '9', '51', 'option_a', '2018-12-20 23:43:47', '2018-12-20 23:43:47'),
(358, '10', '51', 'option_a', '2018-12-20 23:43:50', '2018-12-20 23:43:50'),
(359, '6', '51', 'option_a', '2018-12-21 11:10:05', '2018-12-21 11:10:05'),
(360, '7', '51', 'option_b', '2018-12-21 11:10:07', '2018-12-21 11:10:07'),
(361, '8', '51', 'option_b', '2018-12-21 11:10:09', '2018-12-21 11:10:09'),
(362, '9', '51', 'option_c', '2018-12-21 05:40:15', '2018-12-21 11:10:15'),
(363, '6', '51', 'option_a', '2018-12-21 11:22:27', '2018-12-21 11:22:27'),
(364, '7', '51', 'option_d', '2018-12-21 11:22:30', '2018-12-21 11:22:30'),
(365, '8', '51', 'option_b', '2018-12-21 05:53:05', '2018-12-21 11:23:05'),
(366, '9', '51', 'option_c', '2018-12-21 11:22:34', '2018-12-21 11:22:34'),
(367, '9', '51', 'option_b', '2018-12-21 05:53:07', '2018-12-21 11:23:07'),
(368, '6', '51', 'option_a', '2018-12-21 11:24:27', '2018-12-21 11:24:27'),
(369, '7', '51', 'option_b', '2018-12-21 11:24:29', '2018-12-21 11:24:29'),
(370, '8', '51', 'option_b', '2018-12-21 11:24:31', '2018-12-21 11:24:31'),
(371, '9', '51', 'option_b', '2018-12-21 11:24:32', '2018-12-21 11:24:32'),
(372, '6', '51', 'option_a', '2018-12-21 11:31:35', '2018-12-21 11:31:35'),
(373, '7', '51', 'option_b', '2018-12-21 11:31:37', '2018-12-21 11:31:37'),
(374, '8', '51', 'option_b', '2018-12-21 11:31:39', '2018-12-21 11:31:39'),
(375, '9', '51', 'option_b', '2018-12-21 11:31:41', '2018-12-21 11:31:41'),
(376, '1', '51', 'option_a', '2018-12-21 11:33:52', '2018-12-21 11:33:52'),
(377, '2', '51', 'option_c', '2018-12-21 11:33:54', '2018-12-21 11:33:54'),
(378, '3', '51', 'option_b', '2018-12-21 11:33:55', '2018-12-21 11:33:55'),
(379, '4', '51', 'option_b', '2018-12-21 11:33:57', '2018-12-21 11:33:57'),
(380, '5', '51', 'option_b', '2018-12-21 11:34:00', '2018-12-21 11:34:00'),
(381, '6', '51', 'option_a', '2018-12-21 11:34:14', '2018-12-21 11:34:14'),
(382, '7', '51', 'option_c', '2018-12-21 11:34:16', '2018-12-21 11:34:16'),
(383, '8', '51', 'option_b', '2018-12-21 06:04:22', '2018-12-21 11:34:22'),
(384, '9', '51', 'option_b', '2018-12-21 11:34:23', '2018-12-21 11:34:23'),
(385, '6', '51', 'option_a', '2018-12-21 11:42:56', '2018-12-21 11:42:56'),
(386, '7', '51', 'option_b', '2018-12-21 11:42:58', '2018-12-21 11:42:58'),
(387, '8', '51', 'option_b', '2018-12-21 11:43:00', '2018-12-21 11:43:00'),
(388, '9', '51', 'option_b', '2018-12-21 11:43:01', '2018-12-21 11:43:01'),
(389, '6', '51', 'option_a', '2018-12-21 11:43:55', '2018-12-21 11:43:55'),
(390, '7', '51', 'option_b', '2018-12-21 11:43:57', '2018-12-21 11:43:57'),
(391, '8', '51', 'option_b', '2018-12-21 11:43:59', '2018-12-21 11:43:59'),
(392, '9', '51', 'option_c', '2018-12-21 11:44:00', '2018-12-21 11:44:00'),
(393, '10', '51', 'option_c', '2018-12-21 11:44:02', '2018-12-21 11:44:02'),
(394, '10', '51', 'option_c', '2018-12-21 11:44:24', '2018-12-21 11:44:24'),
(395, '6', '51', 'option_a', '2018-12-21 11:47:05', '2018-12-21 11:47:05'),
(396, '7', '51', 'option_b', '2018-12-21 11:47:07', '2018-12-21 11:47:07'),
(397, '8', '51', 'option_b', '2018-12-21 11:47:09', '2018-12-21 11:47:09'),
(398, '9', '51', 'option_b', '2018-12-21 11:47:10', '2018-12-21 11:47:10'),
(399, '6', '51', 'option_b', '2018-12-21 11:47:54', '2018-12-21 11:47:54'),
(400, '7', '51', 'option_b', '2018-12-21 11:47:56', '2018-12-21 11:47:56'),
(401, '8', '51', 'option_b', '2018-12-21 11:47:58', '2018-12-21 11:47:58'),
(402, '9', '51', 'option_c', '2018-12-21 11:48:00', '2018-12-21 11:48:00'),
(403, '10', '51', 'option_c', '2018-12-21 11:48:01', '2018-12-21 11:48:01'),
(404, '6', '51', 'option_a', '2018-12-21 11:49:24', '2018-12-21 11:49:24'),
(405, '7', '51', 'option_b', '2018-12-21 11:49:26', '2018-12-21 11:49:26'),
(406, '8', '51', 'option_b', '2018-12-21 11:49:28', '2018-12-21 11:49:28'),
(407, '9', '51', 'option_c', '2018-12-21 11:49:30', '2018-12-21 11:49:30'),
(408, '6', '51', 'option_a', '2018-12-21 11:50:09', '2018-12-21 11:50:09'),
(409, '7', '51', 'option_b', '2018-12-21 11:50:11', '2018-12-21 11:50:11'),
(410, '8', '51', 'option_b', '2018-12-21 11:50:13', '2018-12-21 11:50:13'),
(411, '9', '51', 'option_b', '2018-12-21 11:50:15', '2018-12-21 11:50:15'),
(412, '6', '51', 'option_a', '2018-12-21 11:52:58', '2018-12-21 11:52:58'),
(413, '7', '51', 'option_b', '2018-12-21 11:53:00', '2018-12-21 11:53:00'),
(414, '8', '51', 'option_b', '2018-12-21 11:53:02', '2018-12-21 11:53:02'),
(415, '9', '51', 'option_d', '2018-12-21 11:53:04', '2018-12-21 11:53:04'),
(416, '10', '51', 'option_d', '2018-12-21 11:53:05', '2018-12-21 11:53:05'),
(417, '6', '51', 'option_a', '2018-12-21 11:54:11', '2018-12-21 11:54:11'),
(418, '7', '51', 'option_b', '2018-12-21 11:54:13', '2018-12-21 11:54:13'),
(419, '8', '51', 'option_b', '2018-12-21 11:54:15', '2018-12-21 11:54:15'),
(420, '9', '51', 'option_b', '2018-12-21 11:54:16', '2018-12-21 11:54:16'),
(421, '6', '51', 'option_a', '2018-12-21 11:55:22', '2018-12-21 11:55:22'),
(422, '7', '51', 'option_c', '2018-12-21 11:55:24', '2018-12-21 11:55:24'),
(423, '8', '51', 'option_b', '2018-12-21 11:55:26', '2018-12-21 11:55:26'),
(424, '9', '51', 'option_d', '2018-12-21 11:55:28', '2018-12-21 11:55:28'),
(425, '10', '51', 'option_d', '2018-12-21 11:55:30', '2018-12-21 11:55:30'),
(426, '6', '51', 'option_a', '2018-12-21 12:04:31', '2018-12-21 12:04:31'),
(427, '7', '51', 'option_b', '2018-12-21 12:04:34', '2018-12-21 12:04:34'),
(428, '8', '51', 'option_b', '2018-12-21 12:04:36', '2018-12-21 12:04:36'),
(429, '9', '51', 'option_b', '2018-12-21 12:04:37', '2018-12-21 12:04:37'),
(430, '9', '51', 'option_b', '2018-12-21 12:05:00', '2018-12-21 12:05:00'),
(431, '6', '51', 'option_a', '2018-12-21 12:13:23', '2018-12-21 12:13:23'),
(432, '7', '51', 'option_b', '2018-12-21 12:13:25', '2018-12-21 12:13:25'),
(433, '8', '51', 'option_b', '2018-12-21 12:13:27', '2018-12-21 12:13:27'),
(434, '9', '51', 'option_c', '2018-12-21 12:13:29', '2018-12-21 12:13:29'),
(435, '10', '51', 'option_c', '2018-12-21 12:13:30', '2018-12-21 12:13:30'),
(436, '10', '51', 'option_c', '2018-12-21 12:16:07', '2018-12-21 12:16:07'),
(437, '6', '51', 'option_a', '2018-12-21 12:22:52', '2018-12-21 12:22:52'),
(438, '7', '51', 'option_b', '2018-12-21 12:22:55', '2018-12-21 12:22:55'),
(439, '8', '51', 'option_b', '2018-12-21 12:22:57', '2018-12-21 12:22:57'),
(440, '9', '51', 'option_c', '2018-12-21 12:23:00', '2018-12-21 12:23:00'),
(441, '10', '51', 'option_c', '2018-12-21 12:23:01', '2018-12-21 12:23:01'),
(442, '6', '51', 'option_a', '2018-12-21 12:35:42', '2018-12-21 12:35:42'),
(443, '7', '51', 'option_b', '2018-12-21 12:35:44', '2018-12-21 12:35:44'),
(444, '8', '51', 'option_b', '2018-12-21 12:35:46', '2018-12-21 12:35:46'),
(445, '9', '51', 'option_b', '2018-12-21 12:35:48', '2018-12-21 12:35:48'),
(446, '6', '51', 'option_a', '2018-12-21 12:38:20', '2018-12-21 12:38:20'),
(447, '7', '51', 'option_b', '2018-12-21 12:38:22', '2018-12-21 12:38:22'),
(448, '8', '51', 'option_b', '2018-12-21 12:38:24', '2018-12-21 12:38:24'),
(449, '9', '51', 'option_c', '2018-12-21 12:38:26', '2018-12-21 12:38:26'),
(450, '10', '51', 'option_c', '2018-12-21 12:38:28', '2018-12-21 12:38:28'),
(451, '6', '51', 'option_a', '2018-12-21 12:40:34', '2018-12-21 12:40:34'),
(452, '7', '51', 'option_b', '2018-12-21 12:40:36', '2018-12-21 12:40:36'),
(453, '8', '51', 'option_b', '2018-12-21 12:40:38', '2018-12-21 12:40:38'),
(454, '9', '51', 'option_c', '2018-12-21 12:40:41', '2018-12-21 12:40:41'),
(455, '10', '51', 'option_c', '2018-12-21 12:40:42', '2018-12-21 12:40:42'),
(456, '10', '51', 'option_c', '2018-12-21 12:41:32', '2018-12-21 12:41:32'),
(457, '6', '51', 'option_a', '2018-12-21 12:45:04', '2018-12-21 12:45:04'),
(458, '7', '51', 'option_b', '2018-12-21 12:45:07', '2018-12-21 12:45:07'),
(459, '8', '51', 'option_b', '2018-12-21 12:45:11', '2018-12-21 12:45:11'),
(460, '9', '51', 'option_c', '2018-12-21 12:45:14', '2018-12-21 12:45:14'),
(461, '10', '51', 'option_c', '2018-12-21 12:45:15', '2018-12-21 12:45:15'),
(462, '10', '51', 'option_c', '2018-12-21 12:45:38', '2018-12-21 12:45:38'),
(463, '6', '51', 'option_a', '2018-12-21 12:46:44', '2018-12-21 12:46:44'),
(464, '7', '51', 'option_b', '2018-12-21 12:46:46', '2018-12-21 12:46:46'),
(465, '8', '51', 'option_b', '2018-12-21 12:46:48', '2018-12-21 12:46:48'),
(466, '9', '51', 'option_c', '2018-12-21 12:46:51', '2018-12-21 12:46:51'),
(467, '10', '51', 'option_c', '2018-12-21 12:46:52', '2018-12-21 12:46:52'),
(468, '10', '51', 'option_c', '2018-12-21 12:47:02', '2018-12-21 12:47:02'),
(469, '10', '51', 'option_c', '2018-12-21 12:50:04', '2018-12-21 12:50:04'),
(470, '6', '51', 'option_a', '2018-12-21 12:50:38', '2018-12-21 12:50:38'),
(471, '7', '51', 'option_b', '2018-12-21 12:50:40', '2018-12-21 12:50:40'),
(472, '8', '51', 'option_b', '2018-12-21 12:50:42', '2018-12-21 12:50:42'),
(473, '9', '51', 'option_b', '2018-12-21 12:50:44', '2018-12-21 12:50:44'),
(474, '9', '51', 'option_b', '2018-12-21 12:51:06', '2018-12-21 12:51:06'),
(475, '9', '51', 'option_b', '2018-12-21 12:52:11', '2018-12-21 12:52:11'),
(476, '6', '51', 'option_c', '2018-12-21 12:53:55', '2018-12-21 12:53:55'),
(477, '7', '51', 'option_b', '2018-12-21 12:53:56', '2018-12-21 12:53:56'),
(478, '8', '51', 'option_c', '2018-12-21 12:53:59', '2018-12-21 12:53:59'),
(479, '9', '51', 'option_c', '2018-12-21 12:54:01', '2018-12-21 12:54:01'),
(480, '6', '51', 'option_c', '2018-12-21 12:55:03', '2018-12-21 12:55:03'),
(481, '7', '51', 'option_b', '2018-12-21 12:55:06', '2018-12-21 12:55:06'),
(482, '8', '51', 'option_c', '2018-12-21 12:55:10', '2018-12-21 12:55:10'),
(483, '9', '51', 'option_c', '2018-12-21 07:25:18', '2018-12-21 12:55:18'),
(484, '10', '51', 'option_c', '2018-12-21 12:55:22', '2018-12-21 12:55:22'),
(485, '6', '51', 'option_c', '2018-12-21 12:55:56', '2018-12-21 12:55:56'),
(486, '7', '51', 'option_c', '2018-12-21 12:55:57', '2018-12-21 12:55:57'),
(487, '6', '51', 'option_c', '2018-12-21 12:59:37', '2018-12-21 12:59:37'),
(488, '8', '51', 'option_b', '2018-12-21 12:59:42', '2018-12-21 12:59:42'),
(489, '9', '51', 'option_b', '2018-12-21 12:59:44', '2018-12-21 12:59:44'),
(490, '9', '51', 'option_b', '2018-12-21 13:00:18', '2018-12-21 13:00:18'),
(491, '6', '51', 'option_a', '2018-12-21 13:04:00', '2018-12-21 13:04:00'),
(492, '7', '51', 'option_b', '2018-12-21 13:04:02', '2018-12-21 13:04:02'),
(493, '6', '51', 'option_b', '2018-12-21 13:13:16', '2018-12-21 13:13:16'),
(494, '6', '51', 'option_b', '2018-12-21 13:13:39', '2018-12-21 13:13:39'),
(495, '6', '51', 'option_a', '2018-12-21 13:18:36', '2018-12-21 13:18:36'),
(496, '7', '51', 'option_a', '2018-12-21 13:19:03', '2018-12-21 13:19:03'),
(497, '6', '51', 'option_a', '2018-12-21 14:28:32', '2018-12-21 14:28:32'),
(498, '7', '51', 'option_b', '2018-12-21 14:28:34', '2018-12-21 14:28:34'),
(499, '8', '51', 'option_b', '2018-12-21 14:28:36', '2018-12-21 14:28:36'),
(500, '9', '51', 'option_b', '2018-12-21 14:28:37', '2018-12-21 14:28:37'),
(501, '6', '51', 'option_a', '2018-12-21 14:32:28', '2018-12-21 14:32:28'),
(502, '7', '51', 'option_b', '2018-12-21 14:32:30', '2018-12-21 14:32:30'),
(503, '8', '51', 'option_b', '2018-12-21 14:32:32', '2018-12-21 14:32:32'),
(504, '9', '51', 'option_b', '2018-12-21 14:32:33', '2018-12-21 14:32:33'),
(505, '9', '51', 'option_b', '2018-12-21 14:32:53', '2018-12-21 14:32:53'),
(506, '6', '51', 'option_b', '2018-12-21 14:33:45', '2018-12-21 14:33:45'),
(507, '7', '51', 'option_b', '2018-12-21 14:33:47', '2018-12-21 14:33:47'),
(508, '8', '51', 'option_b', '2018-12-21 14:33:50', '2018-12-21 14:33:50'),
(509, '9', '51', 'option_b', '2018-12-21 14:33:50', '2018-12-21 14:33:50'),
(510, '9', '51', 'option_b', '2018-12-21 14:33:56', '2018-12-21 14:33:56'),
(511, '9', '51', 'option_b', '2018-12-21 14:34:03', '2018-12-21 14:34:03'),
(512, '6', '51', 'option_a', '2018-12-21 14:35:45', '2018-12-21 14:35:45'),
(513, '7', '51', 'option_c', '2018-12-21 14:35:48', '2018-12-21 14:35:48'),
(514, '8', '51', 'option_b', '2018-12-21 14:35:50', '2018-12-21 14:35:50'),
(515, '9', '51', 'option_c', '2018-12-21 09:07:31', '2018-12-21 14:37:31'),
(516, '10', '51', 'option_c', '2018-12-21 14:35:53', '2018-12-21 14:35:53'),
(517, '10', '51', 'option_c', '2018-12-21 14:36:00', '2018-12-21 14:36:00'),
(518, '10', '51', 'option_c', '2018-12-21 14:36:06', '2018-12-21 14:36:06'),
(519, '10', '51', 'option_c', '2018-12-21 14:36:41', '2018-12-21 14:36:41'),
(520, '10', '51', 'option_c', '2018-12-21 14:37:06', '2018-12-21 14:37:06'),
(521, '10', '51', 'option_c', '2018-12-21 14:37:32', '2018-12-21 14:37:32'),
(522, '6', '51', 'option_b', '2018-12-21 09:10:19', '2018-12-21 14:40:19'),
(523, '7', '51', 'option_c', '2018-12-21 14:37:53', '2018-12-21 14:37:53'),
(524, '8', '51', 'option_c', '2018-12-21 14:37:54', '2018-12-21 14:37:54'),
(525, '9', '51', 'option_b', '2018-12-21 14:37:56', '2018-12-21 14:37:56'),
(526, '10', '51', 'option_b', '2018-12-21 14:37:59', '2018-12-21 14:37:59'),
(527, '6', '51', 'option_a', '2018-12-21 14:45:51', '2018-12-21 14:45:51'),
(528, '7', '51', 'option_b', '2018-12-21 14:45:53', '2018-12-21 14:45:53'),
(529, '8', '51', 'option_b', '2018-12-21 14:45:55', '2018-12-21 14:45:55'),
(530, '9', '51', 'option_b', '2018-12-21 14:45:56', '2018-12-21 14:45:56'),
(531, '6', '51', 'option_a', '2018-12-21 14:54:51', '2018-12-21 14:54:51'),
(532, '7', '51', 'option_b', '2018-12-21 14:54:52', '2018-12-21 14:54:52'),
(533, '8', '51', 'option_b', '2018-12-21 14:54:54', '2018-12-21 14:54:54'),
(534, '9', '51', 'option_d', '2018-12-21 14:54:56', '2018-12-21 14:54:56'),
(535, '10', '51', 'option_b', '2018-12-21 14:54:59', '2018-12-21 14:54:59'),
(536, '10', '51', 'option_b', '2018-12-21 14:55:13', '2018-12-21 14:55:13'),
(537, '6', '51', 'option_a', '2018-12-21 14:56:44', '2018-12-21 14:56:44'),
(538, '7', '51', 'option_c', '2018-12-21 14:56:46', '2018-12-21 14:56:46'),
(539, '8', '51', 'option_a', '2018-12-21 14:56:48', '2018-12-21 14:56:48'),
(540, '9', '51', 'option_c', '2018-12-21 14:56:50', '2018-12-21 14:56:50'),
(541, '10', '51', 'option_b', '2018-12-21 14:56:53', '2018-12-21 14:56:53'),
(542, '10', '51', 'option_d', '2018-12-21 14:57:09', '2018-12-21 14:57:09'),
(543, '1', '51', 'option_a', '2018-12-21 14:57:25', '2018-12-21 14:57:25'),
(544, '2', '51', 'option_c', '2018-12-21 14:57:28', '2018-12-21 14:57:28'),
(545, '3', '51', 'option_c', '2018-12-21 14:57:30', '2018-12-21 14:57:30'),
(546, '3', '51', 'option_b', '2018-12-21 14:57:37', '2018-12-21 14:57:37'),
(547, '4', '51', 'option_d', '2018-12-21 09:28:00', '2018-12-21 14:58:00'),
(548, '5', '51', 'option_b', '2018-12-21 14:57:41', '2018-12-21 14:57:41'),
(549, '5', '51', 'option_b', '2018-12-21 14:57:52', '2018-12-21 14:57:52'),
(550, '5', '51', 'option_d', '2018-12-21 14:58:01', '2018-12-21 14:58:01'),
(551, '6', '51', 'option_c', '2018-12-21 15:06:40', '2018-12-21 15:06:40'),
(552, '7', '51', 'option_b', '2018-12-21 15:06:46', '2018-12-21 15:06:46'),
(553, '8', '51', 'option_b', '2018-12-21 15:07:59', '2018-12-21 15:07:59'),
(554, '9', '51', 'option_c', '2018-12-21 15:08:18', '2018-12-21 15:08:18'),
(555, '10', '51', 'option_c', '2018-12-21 15:08:30', '2018-12-21 15:08:30'),
(556, '10', '51', 'option_c', '2018-12-21 15:08:50', '2018-12-21 15:08:50'),
(557, '10', '51', 'option_c', '2018-12-21 15:09:09', '2018-12-21 15:09:09'),
(558, '10', '51', 'option_c', '2018-12-21 15:09:36', '2018-12-21 15:09:36'),
(559, '6', '51', 'option_a', '2018-12-21 15:17:57', '2018-12-21 15:17:57'),
(560, '7', '51', 'option_b', '2018-12-21 15:17:59', '2018-12-21 15:17:59'),
(561, '8', '51', 'option_b', '2018-12-21 15:18:01', '2018-12-21 15:18:01'),
(562, '9', '51', 'option_d', '2018-12-21 15:18:04', '2018-12-21 15:18:04'),
(563, '10', '51', 'option_d', '2018-12-21 15:18:04', '2018-12-21 15:18:04'),
(564, '6', '51', 'option_a', '2018-12-21 15:21:24', '2018-12-21 15:21:24'),
(565, '7', '51', 'option_b', '2018-12-21 15:21:26', '2018-12-21 15:21:26'),
(566, '8', '51', 'option_c', '2018-12-21 09:53:23', '2018-12-21 15:23:23'),
(567, '9', '51', 'option_c', '2018-12-21 09:53:24', '2018-12-21 15:23:24'),
(568, '10', '51', 'option_d', '2018-12-21 15:21:31', '2018-12-21 15:21:31'),
(569, '10', '51', 'option_a', '2018-12-21 15:22:04', '2018-12-21 15:22:04'),
(570, '6', '51', 'option_a', '2018-12-21 22:42:47', '2018-12-21 22:42:47'),
(571, '7', '51', 'option_b', '2018-12-21 22:42:48', '2018-12-21 22:42:48'),
(572, '8', '51', 'option_b', '2018-12-21 22:42:50', '2018-12-21 22:42:50'),
(573, '9', '51', 'option_d', '2018-12-21 22:42:52', '2018-12-21 22:42:52'),
(574, '10', '51', 'option_d', '2018-12-21 22:42:54', '2018-12-21 22:42:54'),
(575, '6', '51', 'option_a', '2018-12-24 11:22:56', '2018-12-24 11:22:56'),
(576, '7', '51', 'option_c', '2018-12-24 11:22:58', '2018-12-24 11:22:58'),
(577, '8', '51', 'option_b', '2018-12-24 11:23:00', '2018-12-24 11:23:00'),
(578, '9', '51', 'option_b', '2018-12-24 11:23:16', '2018-12-24 11:23:16'),
(580, '7', '8', 'option_a', '2018-12-24 11:34:44', '2018-12-24 17:04:44'),
(581, '6', '8', 'option_a', '2018-12-24 17:04:10', '2018-12-24 17:04:10'),
(582, '8', '8', 'option_a', '2018-12-24 17:04:21', '2018-12-24 17:04:21'),
(583, '9', '8', 'option_a', '2018-12-24 17:04:24', '2018-12-24 17:04:24'),
(584, '6', '8', 'option_b', '2018-12-24 18:45:23', '2018-12-24 18:45:23'),
(585, '7', '8', 'option_b', '2018-12-24 18:45:25', '2018-12-24 18:45:25'),
(586, '6', '8', 'option_c', '2018-12-24 18:47:01', '2018-12-24 18:47:01'),
(589, '6', '8', 'option_b', '2018-12-26 10:16:00', '2018-12-26 10:16:00'),
(590, '7', '8', 'option_a', '2018-12-26 10:16:04', '2018-12-26 10:16:04'),
(591, '8', '8', 'option_a', '2018-12-26 10:16:06', '2018-12-26 10:16:06'),
(592, '6', '8', 'option_b', '2018-12-26 10:20:24', '2018-12-26 10:20:24'),
(593, '7', '8', 'option_b', '2018-12-26 10:20:27', '2018-12-26 10:20:27'),
(594, '6', '8', 'option_c', '2018-12-26 11:57:06', '2018-12-26 11:57:06'),
(595, '7', '8', 'option_c', '2018-12-26 11:57:07', '2018-12-26 11:57:07'),
(596, '6', '8', 'option_b', '2018-12-26 12:03:16', '2018-12-26 12:03:16'),
(597, '7', '8', 'option_c', '2018-12-26 12:03:29', '2018-12-26 12:03:29'),
(598, '6', '8', 'option_c', '2018-12-26 12:04:44', '2018-12-26 12:04:44'),
(599, '1', '8', 'option_c', '2018-12-26 12:08:03', '2018-12-26 12:08:03'),
(600, '6', '8', 'option_c', '2018-12-26 12:15:06', '2018-12-26 12:15:06'),
(601, '6', '8', 'option_b', '2018-12-26 12:17:55', '2018-12-26 12:17:55'),
(602, '6', '8', 'option_b', '2018-12-26 12:19:47', '2018-12-26 12:19:47'),
(603, '7', '8', 'option_b', '2018-12-26 12:19:55', '2018-12-26 12:19:55'),
(604, '6', '8', 'option_c', '2018-12-26 12:28:45', '2018-12-26 12:28:45'),
(605, '7', '8', 'option_c', '2018-12-26 12:28:46', '2018-12-26 12:28:46'),
(606, '6', '8', 'option_b', '2018-12-26 12:33:07', '2018-12-26 12:33:07'),
(607, '7', '8', 'option_b', '2018-12-26 12:33:13', '2018-12-26 12:33:13'),
(608, '6', '8', 'option_b', '2018-12-26 12:36:30', '2018-12-26 12:36:30'),
(609, '6', '8', 'option_b', '2018-12-26 12:46:48', '2018-12-26 12:46:48'),
(610, '6', '8', 'option_b', '2018-12-26 12:49:36', '2018-12-26 12:49:36'),
(611, '6', '8', 'option_b', '2018-12-26 13:00:57', '2018-12-26 13:00:57'),
(612, '7', '8', 'option_b', '2018-12-26 13:01:04', '2018-12-26 13:01:04'),
(615, '8', '8', 'option_b', '2018-12-26 14:41:57', '2018-12-26 14:41:57'),
(616, '6', '8', 'option_c', '2018-12-26 15:09:01', '2018-12-26 15:09:01'),
(617, '6', '8', 'option_c', '2018-12-26 15:09:15', '2018-12-26 15:09:15'),
(619, '6', '8', 'option_a', '2018-12-26 15:58:15', '2018-12-26 15:58:15'),
(620, '8', '8', 'option_a', '2018-12-26 16:04:04', '2018-12-26 16:04:04'),
(621, '9', '8', 'option_b', '2018-12-26 16:06:09', '2018-12-26 16:06:09'),
(622, '6', '8', 'option_c', '2018-12-26 10:50:47', '2018-12-26 16:20:47'),
(623, '7', '8', 'option_c', '2018-12-26 16:21:52', '2018-12-26 16:21:52'),
(624, '8', '8', 'option_c', '2018-12-26 16:36:05', '2018-12-26 16:36:05'),
(625, '9', '8', 'option_c', '2018-12-26 16:36:11', '2018-12-26 16:36:11'),
(626, '6', '8', 'option_b', '2018-12-26 16:47:40', '2018-12-26 16:47:40'),
(627, '6', '8', 'option_b', '2018-12-26 16:48:53', '2018-12-26 16:48:53'),
(628, '6', '8', 'option_c', '2018-12-26 16:50:46', '2018-12-26 16:50:46'),
(629, '8', '8', 'option_c', '2018-12-26 16:56:10', '2018-12-26 16:56:10'),
(630, '6', '8', 'option_b', '2018-12-26 17:08:00', '2018-12-26 17:08:00'),
(631, '7', '8', 'option_c', '2018-12-26 17:08:09', '2018-12-26 17:08:09'),
(632, '8', '8', 'option_a', '2018-12-26 17:08:15', '2018-12-26 17:08:15'),
(633, '9', '8', 'option_a', '2018-12-26 11:38:29', '2018-12-26 17:08:29'),
(634, '10', '8', 'option_a', '2018-12-26 17:08:33', '2018-12-26 17:08:33'),
(635, '6', '8', 'option_a', '2018-12-26 17:11:51', '2018-12-26 17:11:51'),
(636, '7', '8', 'option_a', '2018-12-26 17:11:54', '2018-12-26 17:11:54'),
(637, '8', '8', 'option_a', '2018-12-26 17:11:56', '2018-12-26 17:11:56'),
(638, '9', '8', 'option_a', '2018-12-26 17:11:59', '2018-12-26 17:11:59'),
(639, '10', '8', 'option_a', '2018-12-26 17:12:03', '2018-12-26 17:12:03'),
(640, '6', '8', 'option_d', '2018-12-26 17:12:54', '2018-12-26 17:12:54'),
(641, '7', '8', 'option_b', '2018-12-26 17:12:56', '2018-12-26 17:12:56'),
(642, '8', '8', 'option_b', '2018-12-26 17:12:59', '2018-12-26 17:12:59'),
(643, '9', '8', 'option_a', '2018-12-26 17:13:02', '2018-12-26 17:13:02'),
(644, '10', '8', 'option_b', '2018-12-26 17:13:22', '2018-12-26 17:13:22'),
(645, '10', '8', 'option_b', '2018-12-26 17:16:20', '2018-12-26 17:16:20'),
(646, '6', '8', 'option_d', '2018-12-26 11:56:03', '2018-12-26 17:26:03'),
(647, '7', '8', 'option_b', '2018-12-26 17:26:06', '2018-12-26 17:26:06'),
(648, '8', '8', 'option_b', '2018-12-26 11:56:14', '2018-12-26 17:26:14'),
(649, '9', '8', 'option_d', '2018-12-26 17:26:23', '2018-12-26 17:26:23'),
(650, '10', '8', 'option_d', '2018-12-26 17:26:27', '2018-12-26 17:26:27'),
(651, '7', '8', 'option_b', '2018-12-26 17:26:31', '2018-12-26 17:26:31'),
(652, '6', '8', 'option_d', '2018-12-26 17:32:27', '2018-12-26 17:32:27'),
(653, '7', '8', 'option_b', '2018-12-26 17:32:30', '2018-12-26 17:32:30'),
(654, '8', '8', 'option_d', '2018-12-26 17:32:33', '2018-12-26 17:32:33'),
(655, '9', '8', 'option_c', '2018-12-26 17:32:34', '2018-12-26 17:32:34'),
(656, '10', '8', 'option_a', '2018-12-26 17:32:43', '2018-12-26 17:32:43'),
(657, '6', '8', 'option_d', '2018-12-26 17:59:24', '2018-12-26 17:59:24'),
(658, '7', '8', 'option_b', '2018-12-26 17:59:27', '2018-12-26 17:59:27'),
(659, '8', '8', 'option_d', '2018-12-26 17:59:29', '2018-12-26 17:59:29'),
(660, '9', '8', 'option_d', '2018-12-26 17:59:31', '2018-12-26 17:59:31'),
(661, '10', '8', 'option_d', '2018-12-26 17:59:39', '2018-12-26 17:59:39'),
(662, '6', '8', 'option_d', '2018-12-26 18:39:41', '2018-12-26 18:39:41'),
(663, '7', '8', 'option_d', '2018-12-26 18:39:43', '2018-12-26 18:39:43'),
(664, '8', '8', 'option_d', '2018-12-26 18:39:45', '2018-12-26 18:39:45'),
(665, '9', '8', 'option_d', '2018-12-26 18:39:48', '2018-12-26 18:39:48'),
(666, '10', '8', 'option_d', '2018-12-26 18:39:51', '2018-12-26 18:39:51'),
(667, '10', '8', 'option_d', '2018-12-26 18:40:20', '2018-12-26 18:40:20'),
(668, '10', '8', 'option_d', '2018-12-26 18:40:34', '2018-12-26 18:40:34'),
(669, '6', '51', 'option_a', '2018-12-26 18:40:51', '2018-12-26 18:40:51'),
(670, '7', '51', 'option_c', '2018-12-26 18:40:53', '2018-12-26 18:40:53'),
(671, '8', '51', 'option_b', '2018-12-26 18:40:55', '2018-12-26 18:40:55'),
(672, '9', '51', 'option_b', '2018-12-26 18:40:56', '2018-12-26 18:40:56'),
(673, '10', '8', 'option_d', '2018-12-26 18:41:04', '2018-12-26 18:41:04'),
(674, '9', '51', 'option_b', '2018-12-26 18:41:08', '2018-12-26 18:41:08'),
(675, '9', '51', 'option_b', '2018-12-26 18:41:46', '2018-12-26 18:41:46'),
(676, '6', '51', 'option_b', '2018-12-26 18:42:15', '2018-12-26 18:42:15'),
(677, '7', '51', 'option_d', '2018-12-26 18:42:16', '2018-12-26 18:42:16'),
(678, '8', '51', 'option_b', '2018-12-26 18:42:19', '2018-12-26 18:42:19'),
(679, '9', '51', 'option_b', '2018-12-26 18:42:20', '2018-12-26 18:42:20'),
(680, '10', '8', 'option_d', '2018-12-26 18:45:11', '2018-12-26 18:45:11'),
(681, '10', '8', 'option_d', '2018-12-26 18:45:57', '2018-12-26 18:45:57'),
(682, '6', '8', 'option_d', '2018-12-26 18:47:03', '2018-12-26 18:47:03'),
(683, '7', '8', 'option_d', '2018-12-26 18:47:06', '2018-12-26 18:47:06'),
(684, '8', '8', 'option_d', '2018-12-26 18:47:08', '2018-12-26 18:47:08'),
(685, '9', '8', 'option_d', '2018-12-26 18:47:11', '2018-12-26 18:47:11'),
(686, '10', '8', 'option_d', '2018-12-26 18:47:12', '2018-12-26 18:47:12'),
(687, '6', '8', 'option_d', '2018-12-26 19:03:43', '2018-12-26 19:03:43'),
(688, '7', '8', 'option_c', '2018-12-26 19:03:44', '2018-12-26 19:03:44'),
(689, '8', '8', 'option_d', '2018-12-26 19:03:46', '2018-12-26 19:03:46'),
(690, '9', '8', 'option_d', '2018-12-26 19:03:57', '2018-12-26 19:03:57'),
(691, '6', '8', 'option_d', '2018-12-26 19:09:56', '2018-12-26 19:09:56');
INSERT INTO `attempts` (`id`, `question_id`, `user_id`, `user_ans`, `created_at`, `updated_at`) VALUES
(692, '7', '8', 'option_d', '2018-12-26 19:09:58', '2018-12-26 19:09:58'),
(693, '8', '8', 'option_d', '2018-12-26 19:10:00', '2018-12-26 19:10:00'),
(694, '9', '8', 'option_d', '2018-12-26 19:10:06', '2018-12-26 19:10:06'),
(695, '6', '8', 'option_d', '2018-12-26 19:12:10', '2018-12-26 19:12:10'),
(696, '7', '8', 'option_d', '2018-12-26 19:12:12', '2018-12-26 19:12:12'),
(697, '8', '8', 'option_d', '2018-12-26 19:12:15', '2018-12-26 19:12:15'),
(698, '9', '8', 'option_d', '2018-12-26 19:12:17', '2018-12-26 19:12:17'),
(699, '10', '8', 'option_d', '2018-12-26 19:12:20', '2018-12-26 19:12:20'),
(700, '6', '8', 'option_d', '2018-12-26 19:22:07', '2018-12-26 19:22:07'),
(701, '7', '8', 'option_d', '2018-12-26 19:22:10', '2018-12-26 19:22:10'),
(702, '8', '8', 'option_d', '2018-12-26 19:22:13', '2018-12-26 19:22:13'),
(703, '9', '8', 'option_d', '2018-12-26 19:22:23', '2018-12-26 19:22:23'),
(704, '6', '8', 'option_d', '2018-12-26 19:34:19', '2018-12-26 19:34:19'),
(705, '7', '8', 'option_d', '2018-12-26 19:34:21', '2018-12-26 19:34:21'),
(706, '8', '8', 'option_d', '2018-12-26 19:34:23', '2018-12-26 19:34:23'),
(707, '9', '8', 'option_c', '2018-12-26 19:34:26', '2018-12-26 19:34:26'),
(708, '10', '8', 'option_d', '2018-12-26 19:34:38', '2018-12-26 19:34:38'),
(709, '6', '8', 'option_d', '2018-12-26 19:47:56', '2018-12-26 19:47:56'),
(710, '7', '8', 'option_d', '2018-12-26 19:47:58', '2018-12-26 19:47:58'),
(711, '8', '8', 'option_d', '2018-12-26 19:48:00', '2018-12-26 19:48:00'),
(712, '9', '8', 'option_d', '2018-12-26 19:48:01', '2018-12-26 19:48:01'),
(713, '6', '8', 'option_d', '2018-12-26 19:54:34', '2018-12-26 19:54:34'),
(714, '7', '8', 'option_d', '2018-12-26 19:54:35', '2018-12-26 19:54:35'),
(715, '8', '8', 'option_d', '2018-12-26 19:54:38', '2018-12-26 19:54:38'),
(716, '6', '8', 'option_d', '2018-12-26 19:57:51', '2018-12-26 19:57:51'),
(717, '7', '8', 'option_d', '2018-12-26 19:57:54', '2018-12-26 19:57:54'),
(718, '8', '8', 'option_d', '2018-12-26 19:57:55', '2018-12-26 19:57:55'),
(719, '9', '8', 'option_c', '2018-12-26 20:09:33', '2018-12-26 20:09:33'),
(720, '9', '8', 'option_d', '2018-12-26 20:10:00', '2018-12-26 20:10:00'),
(721, '9', '8', 'option_d', '2018-12-26 20:10:02', '2018-12-26 20:10:02'),
(722, '6', '8', 'option_d', '2018-12-27 10:27:23', '2018-12-27 10:27:23'),
(723, '7', '8', 'option_d', '2018-12-27 10:27:25', '2018-12-27 10:27:25'),
(724, '8', '8', 'option_d', '2018-12-27 10:27:27', '2018-12-27 10:27:27'),
(725, '9', '8', 'option_d', '2018-12-27 10:27:29', '2018-12-27 10:27:29'),
(726, '6', '8', 'option_d', '2018-12-27 10:30:17', '2018-12-27 10:30:17'),
(727, '7', '8', 'option_d', '2018-12-27 10:30:18', '2018-12-27 10:30:18'),
(728, '8', '8', 'option_d', '2018-12-27 10:30:20', '2018-12-27 10:30:20'),
(729, '9', '8', 'option_d', '2018-12-27 10:30:21', '2018-12-27 10:30:21'),
(730, '10', '8', 'option_d', '2018-12-27 10:30:23', '2018-12-27 10:30:23'),
(731, '10', '8', 'option_d', '2018-12-27 10:30:43', '2018-12-27 10:30:43'),
(732, '10', '8', 'option_d', '2018-12-27 10:31:12', '2018-12-27 10:31:12'),
(733, '10', '8', 'option_d', '2018-12-27 10:31:35', '2018-12-27 10:31:35'),
(734, '10', '8', 'option_d', '2018-12-27 10:33:25', '2018-12-27 10:33:25'),
(735, '10', '8', 'option_d', '2018-12-27 10:33:38', '2018-12-27 10:33:38'),
(736, '6', '8', 'option_d', '2018-12-27 10:43:56', '2018-12-27 10:43:56'),
(737, '7', '8', 'option_d', '2018-12-27 10:43:57', '2018-12-27 10:43:57'),
(738, '8', '8', 'option_d', '2018-12-27 10:43:59', '2018-12-27 10:43:59'),
(739, '9', '8', 'option_d', '2018-12-27 10:44:00', '2018-12-27 10:44:00'),
(740, '10', '8', 'option_d', '2018-12-27 10:44:03', '2018-12-27 10:44:03'),
(741, '6', '8', 'option_d', '2018-12-27 10:44:52', '2018-12-27 10:44:52'),
(742, '7', '8', 'option_d', '2018-12-27 10:44:55', '2018-12-27 10:44:55'),
(743, '8', '8', 'option_d', '2018-12-27 10:44:57', '2018-12-27 10:44:57'),
(744, '9', '8', 'option_d', '2018-12-27 10:44:58', '2018-12-27 10:44:58'),
(745, '10', '8', 'option_d', '2018-12-27 10:45:00', '2018-12-27 10:45:00'),
(746, '6', '8', 'option_d', '2018-12-27 10:48:59', '2018-12-27 10:48:59'),
(747, '7', '8', 'option_d', '2018-12-27 10:49:01', '2018-12-27 10:49:01'),
(748, '8', '8', 'option_d', '2018-12-27 10:49:02', '2018-12-27 10:49:02'),
(749, '9', '8', 'option_d', '2018-12-27 10:49:03', '2018-12-27 10:49:03'),
(750, '10', '8', 'option_d', '2018-12-27 10:49:12', '2018-12-27 10:49:12'),
(751, '6', '51', 'option_a', '2018-12-27 11:22:10', '2018-12-27 11:22:10'),
(752, '7', '51', 'option_b', '2018-12-27 11:22:13', '2018-12-27 11:22:13'),
(753, '8', '51', 'option_b', '2018-12-27 11:22:15', '2018-12-27 11:22:15'),
(754, '9', '51', 'option_b', '2018-12-27 11:22:16', '2018-12-27 11:22:16'),
(755, '6', '51', 'option_a', '2019-01-02 13:20:29', '2019-01-02 13:20:29'),
(756, '7', '51', 'option_c', '2019-01-02 13:20:31', '2019-01-02 13:20:31'),
(757, '8', '51', 'option_b', '2019-01-02 13:20:33', '2019-01-02 13:20:33'),
(758, '9', '51', 'option_c', '2019-01-02 07:51:35', '2019-01-02 13:21:35'),
(759, '10', '51', 'option_a', '2019-01-02 13:20:36', '2019-01-02 13:20:36'),
(760, '10', '51', 'option_a', '2019-01-02 13:21:08', '2019-01-02 13:21:08'),
(761, '6', '51', 'option_b', '2019-01-02 18:51:56', '2019-01-02 18:51:56'),
(762, '7', '51', 'option_b', '2019-01-02 18:51:58', '2019-01-02 18:51:58'),
(763, '6', '51', 'option_a', '2019-01-02 19:08:19', '2019-01-02 19:08:19'),
(764, '7', '51', 'option_b', '2019-01-02 19:08:22', '2019-01-02 19:08:22'),
(765, '8', '51', 'option_c', '2019-01-02 19:08:29', '2019-01-02 19:08:29'),
(766, '9', '51', 'option_b', '2019-01-02 19:08:31', '2019-01-02 19:08:31'),
(767, '10', '51', 'option_b', '2019-01-02 19:08:40', '2019-01-02 19:08:40'),
(768, '6', '51', 'option_a', '2019-01-02 21:53:32', '2019-01-02 21:53:32'),
(769, '7', '51', 'option_b', '2019-01-02 21:53:34', '2019-01-02 21:53:34'),
(770, '8', '51', 'option_b', '2019-01-02 21:53:37', '2019-01-02 21:53:37'),
(771, '9', '51', 'option_b', '2019-01-02 21:53:39', '2019-01-02 21:53:39'),
(772, '10', '51', 'option_b', '2019-01-02 21:53:41', '2019-01-02 21:53:41'),
(773, '1', '51', 'option_b', '2019-01-03 12:01:07', '2019-01-03 12:01:07'),
(774, '2', '51', 'option_d', '2019-01-03 12:01:09', '2019-01-03 12:01:09'),
(775, '3', '51', 'option_d', '2019-01-03 12:01:10', '2019-01-03 12:01:10'),
(776, '6', '51', 'option_c', '2019-01-03 15:23:06', '2019-01-03 15:23:06'),
(777, '6', '51', 'option_a', '2019-01-03 17:36:17', '2019-01-03 17:36:17'),
(778, '7', '51', 'option_b', '2019-01-03 17:36:19', '2019-01-03 17:36:19'),
(779, '6', '8', 'option_a', '2019-01-04 18:10:25', '2019-01-04 18:10:25'),
(780, '6', '51', 'option_b', '2019-01-05 12:03:50', '2019-01-05 12:03:50'),
(781, '6', '51', 'option_c', '2019-01-05 12:09:08', '2019-01-05 12:09:08'),
(782, '6', '51', 'option_a', '2019-01-05 12:57:57', '2019-01-05 12:57:57'),
(784, '8', '51', 'option_b', '2019-01-05 12:58:06', '2019-01-05 12:58:06'),
(785, '1', '51', 'option_b', '2019-01-07 11:52:44', '2019-01-07 11:52:44'),
(786, '2', '51', 'option_b', '2019-01-07 11:52:46', '2019-01-07 11:52:46'),
(787, '3', '51', 'option_d', '2019-01-07 11:52:48', '2019-01-07 11:52:48'),
(788, '4', '51', 'option_b', '2019-01-07 11:52:50', '2019-01-07 11:52:50'),
(789, '5', '51', 'option_b', '2019-01-07 11:52:51', '2019-01-07 11:52:51'),
(790, '6', '51', 'option_b', '2019-01-08 12:46:12', '2019-01-08 12:46:12'),
(791, '7', '51', 'option_b', '2019-01-08 12:46:17', '2019-01-08 12:46:17'),
(792, '6', '51', 'option_b', '2019-01-08 12:57:59', '2019-01-08 12:57:59'),
(793, '7', '51', 'option_c', '2019-01-08 12:58:02', '2019-01-08 12:58:02'),
(794, '8', '51', 'option_a', '2019-01-08 12:58:04', '2019-01-08 12:58:04'),
(795, '9', '51', 'option_a', '2019-01-08 12:58:06', '2019-01-08 12:58:06'),
(796, '6', '8', 'option_a', '2019-01-08 15:13:48', '2019-01-08 15:13:48'),
(800, '2', '51', 'option_b', '2019-01-09 16:32:12', '2019-01-09 16:32:12'),
(799, '4', '51', 'option_d', '2019-01-09 16:31:50', '2019-01-09 16:31:50'),
(801, '3', '51', 'option_b', '2019-01-09 16:32:14', '2019-01-09 16:32:14'),
(802, '1', '51', 'option_a', '2019-01-10 14:30:58', '2019-01-10 14:30:58'),
(803, '2', '51', 'option_c', '2019-01-10 14:31:00', '2019-01-10 14:31:00'),
(804, '3', '51', 'option_b', '2019-01-10 14:31:02', '2019-01-10 14:31:02'),
(805, '4', '51', 'option_c', '2019-01-10 09:01:08', '2019-01-10 14:31:08'),
(806, '6', '8', 'option_b', '2019-01-10 18:13:22', '2019-01-10 18:13:22'),
(808, '8', '8', 'option_c', '2019-01-10 18:13:37', '2019-01-10 18:13:37'),
(809, '9', '8', 'option_c', '2019-01-10 18:13:40', '2019-01-10 18:13:40'),
(813, '4', '48', 'option_c', '2019-01-13 06:59:53', '2019-01-13 12:29:53'),
(812, '6', '8', 'option_b', '2019-01-11 05:40:34', '2019-01-11 11:10:34'),
(814, '5', '48', 'option_c', '2019-01-13 12:29:54', '2019-01-13 12:29:54'),
(815, '6', '48', 'option_a', '2019-01-13 12:30:31', '2019-01-13 12:30:31'),
(816, '7', '48', 'option_c', '2019-01-13 12:30:33', '2019-01-13 12:30:33'),
(817, '8', '48', 'option_d', '2019-01-13 12:30:34', '2019-01-13 12:30:34'),
(818, '9', '48', 'option_d', '2019-01-13 07:00:44', '2019-01-13 12:30:44'),
(819, '6', '51', 'option_a', '2019-01-14 11:51:08', '2019-01-14 11:51:08'),
(820, '7', '51', 'option_c', '2019-01-14 11:51:10', '2019-01-14 11:51:10'),
(821, '8', '51', 'option_b', '2019-01-14 11:51:12', '2019-01-14 11:51:12'),
(822, '9', '51', 'option_b', '2019-01-14 11:51:13', '2019-01-14 11:51:13'),
(823, '6', '8', 'option_c', '2019-01-14 15:33:33', '2019-01-14 15:33:33'),
(824, '7', '8', 'option_a', '2019-01-14 15:33:36', '2019-01-14 15:33:36'),
(825, '6', '8', 'option_c', '2019-01-14 16:06:52', '2019-01-14 16:06:52'),
(826, '6', '27', 'option_b', '2019-01-15 15:00:44', '2019-01-15 15:00:44'),
(827, '7', '27', 'option_b', '2019-01-15 15:00:52', '2019-01-15 15:00:52'),
(828, '8', '27', 'option_b', '2019-01-15 15:00:57', '2019-01-15 15:00:57'),
(829, '9', '27', 'option_b', '2019-01-15 15:00:59', '2019-01-15 15:00:59'),
(830, '6', '50', 'option_c', '2019-01-16 14:54:21', '2019-01-16 20:24:21'),
(831, '7', '50', 'option_a', '2019-01-16 20:24:41', '2019-01-16 20:24:41'),
(832, '8', '50', 'option_a', '2019-01-16 20:24:49', '2019-01-16 20:24:49'),
(833, '8', '50', 'option_a', '2019-01-16 20:25:09', '2019-01-16 20:25:09'),
(834, '8', '50', 'option_d', '2019-01-16 20:26:00', '2019-01-16 20:26:00'),
(835, '6', '27', 'option_d', '2019-01-17 11:44:33', '2019-01-17 11:44:33'),
(836, '7', '27', 'option_a', '2019-01-17 11:45:06', '2019-01-17 11:45:06'),
(837, '8', '27', 'option_b', '2019-01-17 11:45:38', '2019-01-17 11:45:38'),
(838, '9', '27', 'option_b', '2019-01-17 06:16:55', '2019-01-17 11:46:55'),
(839, '10', '27', 'option_b', '2019-01-17 11:48:19', '2019-01-17 11:48:19'),
(840, '1', '27', 'option_b', '2019-01-17 12:00:04', '2019-01-17 12:00:04'),
(841, '2', '27', 'option_a', '2019-01-17 12:00:07', '2019-01-17 12:00:07'),
(842, '3', '27', 'option_a', '2019-01-17 12:00:10', '2019-01-17 12:00:10'),
(843, '4', '27', 'option_a', '2019-01-17 12:00:13', '2019-01-17 12:00:13'),
(844, '5', '27', 'option_a', '2019-01-17 12:00:29', '2019-01-17 12:00:29'),
(846, '2', '27', 'option_c', '2019-01-17 12:03:36', '2019-01-17 12:03:36'),
(847, '3', '27', 'option_c', '2019-01-17 12:03:37', '2019-01-17 12:03:37'),
(848, '6', '50', 'option_d', '2019-01-17 12:44:30', '2019-01-17 12:44:30'),
(849, '7', '50', 'option_d', '2019-01-17 12:44:42', '2019-01-17 12:44:42'),
(850, '8', '50', 'option_c', '2019-01-17 12:44:44', '2019-01-17 12:44:44'),
(851, '9', '50', 'option_b', '2019-01-17 12:44:47', '2019-01-17 12:44:47'),
(852, '10', '50', 'option_b', '2019-01-17 12:44:49', '2019-01-17 12:44:49'),
(853, '1', '8', 'option_b', '2019-01-17 17:32:48', '2019-01-17 17:32:48'),
(854, '2', '8', 'option_b', '2019-01-17 17:35:30', '2019-01-17 17:35:30'),
(855, '2', '8', 'option_b', '2019-01-17 17:35:39', '2019-01-17 17:35:39'),
(856, '3', '8', 'option_b', '2019-01-17 17:35:42', '2019-01-17 17:35:42'),
(857, '4', '8', 'option_b', '2019-01-17 17:35:45', '2019-01-17 17:35:45'),
(858, '5', '8', 'option_c', '2019-01-17 17:35:58', '2019-01-17 17:35:58'),
(859, '5', '8', 'option_c', '2019-01-17 17:37:14', '2019-01-17 17:37:14'),
(860, '6', '8', 'option_a', '2019-01-17 17:41:58', '2019-01-17 17:41:58'),
(861, '7', '8', 'option_a', '2019-01-17 17:42:12', '2019-01-17 17:42:12'),
(862, '8', '8', 'option_b', '2019-01-17 17:42:28', '2019-01-17 17:42:28'),
(863, '9', '8', 'option_a', '2019-01-17 17:42:40', '2019-01-17 17:42:40'),
(864, '10', '8', 'option_d', '2019-01-17 17:43:03', '2019-01-17 17:43:03'),
(865, '10', '8', 'option_b', '2019-01-17 17:45:09', '2019-01-17 17:45:09'),
(866, '1', '51', 'option_c', '2019-01-18 00:13:36', '2019-01-18 00:13:36'),
(867, '2', '51', 'option_b', '2019-01-18 00:13:38', '2019-01-18 00:13:38'),
(868, '3', '51', 'option_c', '2019-01-18 00:13:41', '2019-01-18 00:13:41'),
(869, '4', '51', 'option_d', '2019-01-18 00:13:43', '2019-01-18 00:13:43'),
(870, '6', '51', 'option_a', '2019-01-21 16:51:37', '2019-01-21 16:51:37'),
(871, '7', '51', 'option_d', '2019-01-21 16:51:39', '2019-01-21 16:51:39'),
(872, '8', '51', 'option_b', '2019-01-21 16:51:41', '2019-01-21 16:51:41'),
(873, '9', '51', 'option_b', '2019-01-21 16:51:42', '2019-01-21 16:51:42'),
(874, '6', '21', 'option_c', '2019-01-21 21:15:58', '2019-01-21 21:15:58'),
(875, '7', '21', 'option_b', '2019-01-21 21:16:00', '2019-01-21 21:16:00'),
(876, '8', '21', 'option_b', '2019-01-21 21:16:03', '2019-01-21 21:16:03'),
(877, '9', '21', 'option_a', '2019-01-21 15:46:09', '2019-01-21 21:16:09'),
(878, '10', '21', 'option_a', '2019-01-21 21:16:10', '2019-01-21 21:16:10'),
(879, '6', '51', 'option_a', '2019-01-24 12:13:57', '2019-01-24 12:13:57'),
(880, '7', '51', 'option_a', '2019-01-24 12:13:58', '2019-01-24 12:13:58'),
(881, '7', '51', 'option_b', '2019-01-24 12:14:53', '2019-01-24 12:14:53'),
(882, '8', '51', 'option_b', '2019-01-24 12:14:55', '2019-01-24 12:14:55'),
(883, '6', '51', 'option_b', '2019-01-24 12:22:29', '2019-01-24 12:22:29'),
(884, '6', '51', 'option_b', '2019-01-24 12:23:12', '2019-01-24 12:23:12'),
(885, '1', '51', 'option_c', '2019-01-24 17:58:15', '2019-01-24 17:58:15'),
(886, '2', '51', 'option_c', '2019-01-24 17:58:17', '2019-01-24 17:58:17'),
(887, '6', '50', 'option_b', '2019-01-25 07:23:22', '2019-01-25 07:23:22'),
(888, '7', '50', 'option_c', '2019-01-25 07:23:26', '2019-01-25 07:23:26'),
(889, '8', '50', 'option_b', '2019-01-25 01:53:37', '2019-01-25 07:23:37'),
(890, '10', '50', 'option_d', '2019-01-25 07:24:06', '2019-01-25 07:24:06'),
(891, '1', '51', 'option_a', '2019-01-25 11:16:39', '2019-01-25 11:16:39'),
(892, '2', '51', 'option_c', '2019-01-25 11:16:41', '2019-01-25 11:16:41'),
(893, '3', '51', 'option_c', '2019-01-25 11:16:44', '2019-01-25 11:16:44'),
(894, '4', '51', 'option_c', '2019-01-25 11:16:45', '2019-01-25 11:16:45'),
(895, '6', '51', 'option_a', '2019-01-25 11:43:27', '2019-01-25 11:43:27'),
(896, '7', '51', 'option_c', '2019-01-25 11:43:30', '2019-01-25 11:43:30'),
(897, '8', '51', 'option_c', '2019-01-25 11:43:31', '2019-01-25 11:43:31'),
(898, '1', '51', 'option_a', '2019-01-25 12:19:21', '2019-01-25 12:19:21'),
(899, '2', '51', 'option_c', '2019-01-25 12:19:27', '2019-01-25 12:19:27'),
(900, '3', '51', 'option_d', '2019-01-25 12:19:30', '2019-01-25 12:19:30'),
(901, '4', '51', 'option_d', '2019-01-25 12:19:33', '2019-01-25 12:19:33'),
(902, '6', '51', 'option_b', '2019-01-25 12:22:05', '2019-01-25 12:22:05'),
(903, '7', '51', 'option_c', '2019-01-25 12:22:09', '2019-01-25 12:22:09'),
(904, '8', '51', 'option_b', '2019-01-25 12:22:11', '2019-01-25 12:22:11'),
(905, '9', '51', 'option_b', '2019-01-25 12:22:14', '2019-01-25 12:22:14'),
(906, '10', '51', 'option_b', '2019-01-25 12:22:16', '2019-01-25 12:22:16'),
(907, '6', '51', 'option_b', '2019-01-25 12:23:20', '2019-01-25 12:23:20'),
(908, '7', '51', 'option_c', '2019-01-25 12:23:22', '2019-01-25 12:23:22'),
(909, '8', '51', 'option_c', '2019-01-25 12:23:25', '2019-01-25 12:23:25'),
(910, '6', '51', 'option_b', '2019-01-25 12:26:01', '2019-01-25 12:26:01'),
(911, '7', '51', 'option_b', '2019-01-25 12:26:03', '2019-01-25 12:26:03'),
(912, '8', '51', 'option_d', '2019-01-25 12:26:06', '2019-01-25 12:26:06'),
(913, '6', '51', 'option_a', '2019-01-25 16:09:50', '2019-01-25 16:09:50'),
(914, '7', '51', 'option_d', '2019-01-25 16:09:51', '2019-01-25 16:09:51'),
(915, '8', '51', 'option_b', '2019-01-25 16:09:53', '2019-01-25 16:09:53'),
(916, '9', '51', 'option_b', '2019-01-25 16:10:00', '2019-01-25 16:10:00'),
(917, '6', '51', 'option_a', '2019-01-28 19:20:27', '2019-01-28 19:20:27'),
(918, '7', '51', 'option_b', '2019-01-28 19:20:29', '2019-01-28 19:20:29'),
(919, '8', '51', 'option_b', '2019-01-28 19:20:30', '2019-01-28 19:20:30'),
(920, '6', '51', 'option_b', '2019-01-29 14:04:25', '2019-01-29 14:04:25'),
(921, '7', '51', 'option_c', '2019-01-29 14:04:27', '2019-01-29 14:04:27'),
(922, '8', '51', 'option_c', '2019-01-29 14:04:29', '2019-01-29 14:04:29'),
(923, '6', '8', 'option_b', '2019-01-30 16:21:06', '2019-01-30 16:21:06'),
(924, '7', '8', 'option_d', '2019-01-30 16:21:09', '2019-01-30 16:21:09'),
(925, '8', '8', 'option_d', '2019-01-30 16:21:11', '2019-01-30 16:21:11'),
(926, '9', '8', 'option_d', '2019-01-30 16:21:12', '2019-01-30 16:21:12'),
(927, '6', '51', 'option_d', '2019-01-31 15:01:59', '2019-01-31 15:01:59'),
(930, '6', '51', 'option_a', '2019-01-31 15:51:03', '2019-01-31 15:51:03'),
(929, '8', '51', 'option_d', '2019-01-31 15:02:19', '2019-01-31 15:02:19'),
(931, '7', '51', 'option_d', '2019-01-31 15:51:56', '2019-01-31 15:51:56'),
(932, '6', '51', 'option_a', '2019-01-31 20:01:24', '2019-01-31 20:01:24'),
(933, '7', '51', 'option_a', '2019-01-31 20:01:27', '2019-01-31 20:01:27'),
(934, '8', '51', 'option_a', '2019-01-31 20:01:29', '2019-01-31 20:01:29'),
(935, '9', '51', 'option_a', '2019-01-31 20:01:31', '2019-01-31 20:01:31'),
(936, '10', '51', 'option_a', '2019-01-31 20:01:32', '2019-01-31 20:01:32'),
(937, '1', '51', 'option_b', '2019-02-01 09:06:20', '2019-02-01 09:06:20'),
(938, '2', '51', 'option_b', '2019-02-01 09:06:22', '2019-02-01 09:06:22'),
(939, '1', '51', 'option_c', '2019-02-01 09:07:16', '2019-02-01 09:07:16'),
(940, '2', '51', 'option_d', '2019-02-01 09:07:17', '2019-02-01 09:07:17'),
(941, '3', '51', 'option_b', '2019-02-01 09:07:19', '2019-02-01 09:07:19'),
(942, '4', '51', 'option_b', '2019-02-01 09:07:20', '2019-02-01 09:07:20'),
(943, '1', '21', 'option_b', '2019-02-03 15:12:11', '2019-02-03 15:12:11'),
(944, '2', '21', 'option_b', '2019-02-03 15:12:14', '2019-02-03 15:12:14'),
(945, '3', '21', 'option_b', '2019-02-03 15:12:15', '2019-02-03 15:12:15'),
(946, '1', '51', 'option_c', '2019-02-04 16:47:41', '2019-02-04 16:47:41'),
(947, '1', '51', 'option_c', '2019-02-04 16:57:53', '2019-02-04 16:57:53'),
(948, '2', '51', 'option_c', '2019-02-04 16:57:54', '2019-02-04 16:57:54'),
(949, '6', '51', 'option_b', '2019-02-06 11:50:38', '2019-02-06 11:50:38'),
(950, '7', '51', 'option_c', '2019-02-06 11:50:40', '2019-02-06 11:50:40'),
(951, '8', '51', 'option_c', '2019-02-06 11:50:42', '2019-02-06 11:50:42'),
(952, '6', '51', 'option_c', '2019-02-06 12:14:45', '2019-02-06 12:14:45'),
(953, '7', '51', 'option_c', '2019-02-06 12:14:48', '2019-02-06 12:14:48'),
(954, '8', '51', 'option_c', '2019-02-06 12:14:50', '2019-02-06 12:14:50'),
(955, '1', '51', 'option_d', '2019-02-06 12:18:15', '2019-02-06 12:18:15'),
(956, '2', '51', 'option_b', '2019-02-06 12:18:17', '2019-02-06 12:18:17'),
(957, '3', '51', 'option_b', '2019-02-06 12:18:20', '2019-02-06 12:18:20'),
(958, '3', '51', 'option_b', '2019-02-06 12:29:07', '2019-02-06 12:29:07'),
(959, '4', '51', 'option_b', '2019-02-06 12:29:08', '2019-02-06 12:29:08'),
(960, '4', '51', 'option_b', '2019-02-06 12:29:32', '2019-02-06 12:29:32'),
(961, '5', '51', 'option_c', '2019-02-06 12:30:00', '2019-02-06 12:30:00'),
(962, '1', '51', 'option_a', '2019-02-06 12:39:33', '2019-02-06 12:39:33'),
(963, '1', '51', 'option_c', '2019-02-06 12:47:41', '2019-02-06 12:47:41'),
(964, '2', '51', 'option_d', '2019-02-06 12:47:43', '2019-02-06 12:47:43'),
(965, '3', '51', 'option_d', '2019-02-06 12:47:51', '2019-02-06 12:47:51'),
(966, '6', '51', 'option_b', '2019-02-06 13:11:26', '2019-02-06 13:11:26'),
(967, '7', '51', 'option_d', '2019-02-06 13:11:32', '2019-02-06 13:11:32'),
(968, '8', '51', 'option_b', '2019-02-06 13:11:35', '2019-02-06 13:11:35'),
(969, '9', '51', 'option_b', '2019-02-06 13:11:36', '2019-02-06 13:11:36'),
(970, '6', '51', 'option_a', '2019-02-06 21:47:07', '2019-02-06 21:47:07'),
(971, '7', '51', 'option_c', '2019-02-06 21:47:09', '2019-02-06 21:47:09'),
(972, '8', '51', 'option_c', '2019-02-06 21:47:10', '2019-02-06 21:47:10'),
(973, '9', '51', 'option_b', '2019-02-06 21:47:12', '2019-02-06 21:47:12'),
(974, '10', '51', 'option_b', '2019-02-06 21:47:13', '2019-02-06 21:47:13'),
(975, '6', '50', 'option_c', '2019-02-07 11:08:57', '2019-02-07 11:08:57'),
(976, '7', '50', 'option_b', '2019-02-07 11:09:00', '2019-02-07 11:09:00'),
(977, '8', '50', 'option_c', '2019-02-07 11:09:03', '2019-02-07 11:09:03'),
(978, '9', '50', 'option_c', '2019-02-07 11:09:31', '2019-02-07 11:09:31'),
(979, '9', '50', 'option_c', '2019-02-07 11:10:02', '2019-02-07 11:10:02'),
(980, '1', '51', 'option_b', '2019-02-07 15:13:09', '2019-02-07 15:13:09'),
(981, '2', '51', 'option_d', '2019-02-07 15:13:11', '2019-02-07 15:13:11'),
(982, '3', '51', 'option_b', '2019-02-07 15:13:13', '2019-02-07 15:13:13'),
(983, '4', '51', 'option_b', '2019-02-07 15:13:15', '2019-02-07 15:13:15'),
(984, '1', '51', 'option_a', '2019-02-07 15:34:58', '2019-02-07 15:34:58'),
(985, '2', '51', 'option_c', '2019-02-07 15:35:00', '2019-02-07 15:35:00'),
(986, '3', '51', 'option_b', '2019-02-07 15:35:03', '2019-02-07 15:35:03'),
(987, '4', '51', 'option_c', '2019-02-07 15:35:05', '2019-02-07 15:35:05'),
(988, '5', '51', 'option_c', '2019-02-07 15:35:07', '2019-02-07 15:35:07'),
(989, '6', '51', 'option_a', '2019-02-07 18:18:07', '2019-02-07 18:18:07'),
(990, '7', '51', 'option_c', '2019-02-07 18:18:11', '2019-02-07 18:18:11'),
(991, '8', '51', 'option_d', '2019-02-07 18:18:13', '2019-02-07 18:18:13'),
(992, '9', '51', 'option_d', '2019-02-07 18:18:16', '2019-02-07 18:18:16'),
(993, '10', '51', 'option_d', '2019-02-07 18:18:17', '2019-02-07 18:18:17'),
(994, '1', '51', 'option_c', '2019-02-07 18:33:25', '2019-02-07 18:33:25'),
(995, '2', '51', 'option_b', '2019-02-07 18:33:27', '2019-02-07 18:33:27'),
(996, '3', '51', 'option_c', '2019-02-07 18:33:29', '2019-02-07 18:33:29'),
(997, '4', '51', 'option_c', '2019-02-07 18:33:32', '2019-02-07 18:33:32'),
(998, '5', '51', 'option_c', '2019-02-07 18:33:37', '2019-02-07 18:33:37'),
(999, '6', '51', 'option_b', '2019-02-07 19:30:37', '2019-02-07 19:30:37'),
(1000, '1', '48', 'option_b', '2019-02-08 11:33:24', '2019-02-08 11:33:24'),
(1001, '2', '48', 'option_a', '2019-02-08 11:33:27', '2019-02-08 11:33:27'),
(1002, '3', '48', 'option_b', '2019-02-08 11:33:29', '2019-02-08 11:33:29'),
(1003, '4', '48', 'option_c', '2019-02-08 06:03:41', '2019-02-08 11:33:41');

-- --------------------------------------------------------

--
-- Table structure for table `banners`
--

CREATE TABLE `banners` (
  `id` int(11) NOT NULL,
  `image` varchar(500) NOT NULL,
  `type` varchar(500) NOT NULL DEFAULT 'home',
  `created_at` timestamp NOT NULL DEFAULT CURRENT_TIMESTAMP ON UPDATE CURRENT_TIMESTAMP,
  `updated_at` timestamp NOT NULL DEFAULT '0000-00-00 00:00:00'
) ENGINE=MyISAM DEFAULT CHARSET=latin1;

--
-- Dumping data for table `banners`
--

INSERT INTO `banners` (`id`, `image`, `type`, `created_at`, `updated_at`) VALUES
(11, 'https://mobuloustech.com/asec_admin/public/assets/banner/43831716.png', 'book', '2018-12-13 06:27:12', '0000-00-00 00:00:00'),
(12, 'https://mobuloustech.com/asec_admin/public/assets/banner/38352312.png', 'book', '2018-12-13 08:51:09', '0000-00-00 00:00:00'),
(10, 'https://mobuloustech.com/asec_admin/public/assets/banner/34922068.png', 'home', '2018-12-13 06:26:49', '0000-00-00 00:00:00'),
(9, 'https://mobuloustech.com/asec_admin/public/assets/banner/81760472.png', 'book', '2018-12-13 06:26:19', '0000-00-00 00:00:00');

-- --------------------------------------------------------

--
-- Table structure for table `bookorders`
--

CREATE TABLE `bookorders` (
  `id` int(11) NOT NULL,
  `book_id` varchar(500) NOT NULL,
  `user_id` varchar(500) NOT NULL,
  `address1` varchar(500) NOT NULL,
  `address2` varchar(500) NOT NULL DEFAULT ' ',
  `city` varchar(500) NOT NULL,
  `pincode` varchar(500) NOT NULL,
  `status` varchar(500) NOT NULL DEFAULT '0',
  `created_at` timestamp NOT NULL DEFAULT CURRENT_TIMESTAMP ON UPDATE CURRENT_TIMESTAMP,
  `updated_at` timestamp NOT NULL DEFAULT '0000-00-00 00:00:00'
) ENGINE=MyISAM DEFAULT CHARSET=latin1;

--
-- Dumping data for table `bookorders`
--

INSERT INTO `bookorders` (`id`, `book_id`, `user_id`, `address1`, `address2`, `city`, `pincode`, `status`, `created_at`, `updated_at`) VALUES
(3, '1', '3', 'b 1 block', 'new ashok nagar', 'delhi', '110036', '0', '2018-12-17 13:37:36', '2018-12-13 17:21:43'),
(2, '1', '3', 'b 1 block', 'new ashok nagar', 'delhi', '110036', '2', '2018-12-14 14:59:07', '2018-12-13 17:21:43'),
(4, '3', '51', 'dfdfdfdfdfdfd', 'dfdfdfdfdfd', '548dfd', '20145', '2', '2019-01-08 07:39:47', '2018-12-17 12:04:37'),
(5, '1', '51', 'dfd', 'dfd', 'dfdf', '201014', '0', '2019-01-08 13:22:30', '2019-01-08 13:22:30'),
(6, '1', '8', 'jjfpj', 'jajpfj', 'kadaj[f[a[', '2066011', '0', '2019-01-08 14:47:19', '2019-01-08 14:47:19'),
(7, '1', '8', 'fg', 'bxcb', 'cbb', '206001', '0', '2019-01-08 14:49:23', '2019-01-08 14:49:23'),
(8, '2', '8', 'sadf', 'asfcaf', 'afdaf', 'asdfadf', '3', '2019-01-09 08:14:01', '2019-01-08 14:52:11'),
(9, '2', '27', 'noida', 'faridabad', 'noida', '201304', '0', '2019-01-17 12:30:05', '2019-01-17 12:30:05'),
(10, '2', '27', 'good', 'to', 'go', '201304', '0', '2019-01-17 12:30:23', '2019-01-17 12:30:23'),
(11, '5', '27', 'qwergy', 'qwert', 'Chennai', '201304', '2', '2019-02-02 11:36:57', '2019-01-17 12:48:28'),
(12, '2', '48', 'Fri', 'heck', 'call', '110009', '0', '2019-02-08 14:45:42', '2019-02-08 14:45:42'),
(13, '2', '51', 'hhb', 'ghh', 'hgg', '4544334', '0', '2019-02-28 18:08:59', '2019-02-28 18:08:59'),
(14, '1', '51', 'dfdf', 'dfdf', 'dfdf', '5445', '0', '2019-02-28 14:06:11', '0000-00-00 00:00:00'),
(15, '1', '51', 'fddf', 'dfdf', 'fgfg', '454545', '0', '2019-02-28 14:07:03', '0000-00-00 00:00:00'),
(16, '1', '51', 'fddf', 'dfdf', 'fgfg', '454545', '0', '2019-02-28 14:07:25', '0000-00-00 00:00:00'),
(17, '1', '51', 'fddf', 'dfdf', 'fgfg', '454545', '0', '2019-02-28 14:07:58', '0000-00-00 00:00:00'),
(18, '1', '51', 'fddf', 'dfdf', 'fgfg', '454545', '0', '2019-02-28 14:08:33', '0000-00-00 00:00:00'),
(19, '1', '51', 'fddf', 'dfdf', 'fgfg', '454545', '0', '2019-02-28 14:08:51', '0000-00-00 00:00:00'),
(20, '2', '51', 'gyan khand 1', 'indirapuram ghazianbad', 'indirapuram', '201014', '0', '2019-03-01 13:41:43', '0000-00-00 00:00:00'),
(21, '2', '51', 'gyan khand 1', 'indirapuram ghazianbad', 'indirapuram', '201014', '0', '2019-03-01 13:41:56', '0000-00-00 00:00:00'),
(22, '2', '51', 'gyan khand 1', 'indirapuram ghazianbad', 'indirapuram', '201014', '0', '2019-03-01 13:51:22', '0000-00-00 00:00:00'),
(23, '2', '50', 'hghg', 'hghf', 'delhi', '110009', '0', '2019-03-07 05:59:51', '0000-00-00 00:00:00'),
(24, '2', '50', 'hgjgjg', 'jgjgjfv', 'delhi', '110009', '0', '2019-03-07 06:07:24', '0000-00-00 00:00:00'),
(25, '2', '50', 'gjgjg', 'hghgh', 'delhi', '110009', '0', '2019-03-07 06:08:44', '0000-00-00 00:00:00'),
(26, '5', '50', 'hghg', 'hghg', 'Delhi', '110009', '0', '2019-03-07 06:17:06', '0000-00-00 00:00:00'),
(27, '2', '51', 'sssssdsddfdf', 'dfdfdf', '2511', '20101', '0', '2019-03-07 12:02:02', '0000-00-00 00:00:00'),
(28, '2', '51', 'sssssdsddfdf', 'dfdfdf', '2511', '20101', '0', '2019-03-07 12:02:43', '0000-00-00 00:00:00');

-- --------------------------------------------------------

--
-- Table structure for table `books`
--

CREATE TABLE `books` (
  `id` int(11) NOT NULL,
  `title` varchar(500) NOT NULL,
  `description` varchar(500) NOT NULL,
  `image` varchar(500) NOT NULL,
  `price` varchar(500) NOT NULL,
  `publisher` varchar(500) NOT NULL DEFAULT 'Ram sir',
  `quanity` varchar(500) NOT NULL DEFAULT '10',
  `status` varchar(500) DEFAULT '1',
  `created_at` timestamp NOT NULL DEFAULT CURRENT_TIMESTAMP ON UPDATE CURRENT_TIMESTAMP,
  `updated_at` timestamp NOT NULL DEFAULT '0000-00-00 00:00:00'
) ENGINE=MyISAM DEFAULT CHARSET=latin1;

--
-- Dumping data for table `books`
--

INSERT INTO `books` (`id`, `title`, `description`, `image`, `price`, `publisher`, `quanity`, `status`, `created_at`, `updated_at`) VALUES
(1, 'SSC Mathematics', 'This book is helpfull for ssc students', 'http://mobuloustech.com/asecapi/public/book/maths.jpeg', '500', 'Ram sir', '10', '1', '2018-12-13 11:32:16', '0000-00-00 00:00:00'),
(2, 'SSC History', 'This book is helpfull for ssc students', 'http://mobuloustech.com/asecapi/public/book/history.jpg', '800', 'Ram sir', '10', '1', '2018-12-13 11:32:20', '0000-00-00 00:00:00'),
(3, 'SSC English', 'This book is helpfull for ssc students', 'http://mobuloustech.com/asecapi/public/book/eng.jpg', '1000', 'Ram sir', '10', '1', '2018-12-13 11:32:25', '0000-00-00 00:00:00'),
(5, 'Basics of Banking', 'This book helpfull for banking students', 'http://mobuloustech.com/asec_admin/public/assets/bookthumbnail/41002527.jpeg', '450', 'Mahipal sir', '10', '1', '2018-12-13 13:46:35', '0000-00-00 00:00:00');

-- --------------------------------------------------------

--
-- Table structure for table `contents`
--

CREATE TABLE `contents` (
  `id` int(11) NOT NULL,
  `section` varchar(1000) NOT NULL,
  `pagedetails` text NOT NULL,
  `created_at` timestamp NOT NULL DEFAULT CURRENT_TIMESTAMP ON UPDATE CURRENT_TIMESTAMP,
  `updated_at` timestamp NOT NULL DEFAULT '0000-00-00 00:00:00'
) ENGINE=MyISAM DEFAULT CHARSET=latin1;

--
-- Dumping data for table `contents`
--

INSERT INTO `contents` (`id`, `section`, `pagedetails`, `created_at`, `updated_at`) VALUES
(1, 'about', '<h1>About U</h1>\r\n\r\n<p>Hi, there!!</p>\r\n', '2018-12-12 05:58:55', '0000-00-00 00:00:00'),
(2, 'contact', '<h1>Contact Us</h1>\r\n\r\n<p>Here&#39;s some sample text</p>\r\n', '2018-12-10 07:32:38', '0000-00-00 00:00:00');

-- --------------------------------------------------------

--
-- Table structure for table `coursemodules`
--

CREATE TABLE `coursemodules` (
  `id` int(11) NOT NULL,
  `name` varchar(500) NOT NULL,
  `title` varchar(500) NOT NULL,
  `description` varchar(500) NOT NULL,
  `video` varchar(500) NOT NULL,
  `thumbnail` varchar(500) NOT NULL DEFAULT 'http://mobuloustech.com/asec_admin/public/images/icon/logoadmin.png',
  `duration` varchar(500) NOT NULL,
  `mapid` varchar(500) NOT NULL,
  `created_at` timestamp NOT NULL DEFAULT CURRENT_TIMESTAMP ON UPDATE CURRENT_TIMESTAMP,
  `updated_at` timestamp NOT NULL DEFAULT '0000-00-00 00:00:00'
) ENGINE=MyISAM DEFAULT CHARSET=latin1;

--
-- Dumping data for table `coursemodules`
--

INSERT INTO `coursemodules` (`id`, `name`, `title`, `description`, `video`, `thumbnail`, `duration`, `mapid`, `created_at`, `updated_at`) VALUES
(1, 'Module 1', 'Problem on Ages Tricks', 'Problem on Ages Tricks in Hindi | Ages Problem Short Cut/Concept/Formula |problem based on ages | DSSSB, ALP, CTET, Bank PO', 'https://www.youtube.com/embed/U8K0V2EChfs?ecver=1', 'http://mobuloustech.com/asec_admin/public/images/icon/logoadmin.png', '21:42', '1,1', '2018-12-05 07:41:32', '0000-00-00 00:00:00'),
(2, 'Module 1', 'SQUARE TRICK', 'HOW TO FIND SQUARE ROOT', 'https://www.youtube.com/embed/VukZuYlvSLQ?ecver=1', 'http://mobuloustech.com/asec_admin/public/images/icon/logoadmin.png', '14:42', '1,1', '2018-12-05 07:41:43', '0000-00-00 00:00:00'),
(3, 'Module 1', 'Non Perfect Square Root', 'Classes New Schedule', 'https://www.youtube.com/embed/LJ2OdwQmiyM?ecver=1', 'http://mobuloustech.com/asec_admin/public/images/icon/logoadmin.png', '9:56', '1,1', '2018-12-05 07:41:50', '0000-00-00 00:00:00'),
(4, 'Module 2', 'Counting of figures', 'Classes New Schedule', 'https://www.youtube.com/embed/IRFOFmKhPLo?ecver=1', 'http://mobuloustech.com/asec_admin/public/images/icon/logoadmin.png', '28:26', '1,2', '2018-12-05 07:42:12', '0000-00-00 00:00:00'),
(5, 'Module 2', 'Dice reasoning Short tricks', 'Classes New Schedule fdsf gfds fsdfgjsdgf dshfsdgf', 'https://www.youtube.com/embed/K8tZcV8SOLo?ecver=1', 'http://mobuloustech.com/asec_admin/public/images/icon/logoadmin.png', '10:04', '1,2', '2018-12-05 07:42:18', '0000-00-00 00:00:00'),
(6, 'Module 2', 'SQUARE TRICK', 'HOW TO FIND SQUARE ROOT', 'https://www.youtube.com/embed/VukZuYlvSLQ?ecver=1', 'http://mobuloustech.com/asec_admin/public/images/icon/logoadmin.png', '14:42', '1,2', '2018-12-05 07:42:25', '0000-00-00 00:00:00'),
(7, 'Module 3', 'SQUARE TRICK', 'HOW TO FIND SQUARE ROOT', 'https://www.youtube.com/embed/VukZuYlvSLQ?ecver=1', 'http://mobuloustech.com/asec_admin/public/images/icon/logoadmin.png', '14:42', '1,3', '2018-12-05 07:42:32', '0000-00-00 00:00:00'),
(8, 'Module 3', 'Counting of figures', 'Classes New Schedule', 'https://www.youtube.com/embed/IRFOFmKhPLo?ecver=1', 'http://mobuloustech.com/asec_admin/public/images/icon/logoadmin.png', '28:26', '1,3', '2018-12-05 07:42:37', '0000-00-00 00:00:00'),
(93, 'Test', 'Test Module', 'Test Decstdfdfdf', 'http://mobuloustech.com/asec_admin/public/assets/paidvideo/56471901.mp4', 'http://mobuloustech.com/asec_admin/public/assets/paidvideothumbnail/la5cg7dg.png', '', '66,1', '2018-12-13 07:49:52', '0000-00-00 00:00:00'),
(90, 'CK A Mod A', 'Turttle', ' It was popularised in the 1960s with the release of Letraset sheets containing Lorem Ipsum passages, and more recently with desktop publishing software like Aldus PageMaker including versions of Lorem Ipsum.', 'http://mobuloustech.com/asec_admin/public/assets/paidvideo/43268879.mp4', 'http://mobuloustech.com/asec_admin/public/images/icon/logoadmin.png', '', '59,1', '2018-12-11 13:32:18', '0000-00-00 00:00:00'),
(89, 'CK A Mod A', 'Beer', 'Lorem was popularised in the 1960s with the release of Letraset sheets containing Lorem Ipsum passages, and more recently with desktop publishing software like Aldus PageMaker including versions of Lorem Ipsum.', 'http://mobuloustech.com/asec_admin/public/assets/paidvideo/79365430.mp4', 'http://mobuloustech.com/asec_admin/public/images/icon/logoadmin.png', '', '59,1', '2018-12-11 13:32:18', '0000-00-00 00:00:00'),
(88, 'CK A Mod B', 'Rabbit', 'This was popularised in the 1960s with the release of Letraset sheets containing Lorem Ipsum passages, and more recently with desktop publishing software like Aldus PageMaker including versions of Lorem Ipsum.', 'http://mobuloustech.com/asec_admin/public/assets/paidvideo/69632617.mp4', 'http://mobuloustech.com/asec_admin/public/images/icon/logoadmin.png', '', '59,2', '2018-12-11 13:32:18', '0000-00-00 00:00:00');

-- --------------------------------------------------------

--
-- Table structure for table `cupons`
--

CREATE TABLE `cupons` (
  `id` int(11) NOT NULL,
  `code` varchar(500) NOT NULL,
  `usedby` varchar(1000) NOT NULL,
  `validity` varchar(500) NOT NULL,
  `created_at` timestamp NOT NULL DEFAULT CURRENT_TIMESTAMP ON UPDATE CURRENT_TIMESTAMP,
  `updated_at` timestamp NOT NULL DEFAULT '0000-00-00 00:00:00'
) ENGINE=MyISAM DEFAULT CHARSET=latin1;

--
-- Dumping data for table `cupons`
--

INSERT INTO `cupons` (`id`, `code`, `usedby`, `validity`, `created_at`, `updated_at`) VALUES
(2, '5867hC', '0', '2018-12-15', '2019-01-03 11:33:56', '0000-00-00 00:00:00'),
(5, 'hhiqAL', '0', '2019-01-31', '2019-01-03 11:33:59', '0000-00-00 00:00:00');

-- --------------------------------------------------------

--
-- Table structure for table `demopayments`
--

CREATE TABLE `demopayments` (
  `id` int(11) NOT NULL,
  `response` varchar(1000) NOT NULL,
  `created_at` timestamp NOT NULL DEFAULT CURRENT_TIMESTAMP ON UPDATE CURRENT_TIMESTAMP,
  `updated_at` timestamp NOT NULL DEFAULT '0000-00-00 00:00:00'
) ENGINE=MyISAM DEFAULT CHARSET=latin1;

--
-- Dumping data for table `demopayments`
--

INSERT INTO `demopayments` (`id`, `response`, `created_at`, `updated_at`) VALUES
(1, '', '2019-01-03 05:36:12', '0000-00-00 00:00:00'),
(2, '', '2019-01-03 12:03:38', '0000-00-00 00:00:00'),
(3, '', '2019-02-06 08:13:10', '0000-00-00 00:00:00'),
(4, '', '2019-02-06 08:14:45', '0000-00-00 00:00:00'),
(5, 'Array', '2019-02-28 11:35:57', '0000-00-00 00:00:00');

-- --------------------------------------------------------

--
-- Table structure for table `discussionjoins`
--

CREATE TABLE `discussionjoins` (
  `id` int(11) NOT NULL,
  `user_id` varchar(500) NOT NULL,
  `topic_id` varchar(500) NOT NULL,
  `created_at` timestamp NOT NULL DEFAULT CURRENT_TIMESTAMP ON UPDATE CURRENT_TIMESTAMP,
  `updated_at` timestamp NOT NULL DEFAULT '0000-00-00 00:00:00'
) ENGINE=MyISAM DEFAULT CHARSET=latin1;

--
-- Dumping data for table `discussionjoins`
--

INSERT INTO `discussionjoins` (`id`, `user_id`, `topic_id`, `created_at`, `updated_at`) VALUES
(1, '5', '2', '2019-01-03 09:57:22', '0000-00-00 00:00:00'),
(2, '51', '3', '2019-01-04 05:37:38', '0000-00-00 00:00:00'),
(3, '8', '3', '2019-01-04 10:46:40', '0000-00-00 00:00:00'),
(4, '27', '3', '2019-01-17 06:38:14', '0000-00-00 00:00:00'),
(5, '48', '3', '2019-02-08 05:47:47', '0000-00-00 00:00:00');

-- --------------------------------------------------------

--
-- Table structure for table `doubts`
--

CREATE TABLE `doubts` (
  `id` int(11) NOT NULL,
  `name` varchar(500) NOT NULL,
  `venue` varchar(500) NOT NULL,
  `start_time` varchar(500) NOT NULL,
  `admin_status` varchar(500) NOT NULL DEFAULT '1',
  `created_at` timestamp NOT NULL DEFAULT CURRENT_TIMESTAMP ON UPDATE CURRENT_TIMESTAMP,
  `updated_at` timestamp NOT NULL DEFAULT '0000-00-00 00:00:00'
) ENGINE=MyISAM DEFAULT CHARSET=latin1;

--
-- Dumping data for table `doubts`
--

INSERT INTO `doubts` (`id`, `name`, `venue`, `start_time`, `admin_status`, `created_at`, `updated_at`) VALUES
(1, 'Travel Agent Meetup', 'Team Co Work 55, 2nd Floor, Westend Marg, Saidullajab, Near Saket Metro Station Gate, Gali Number 2, Saiyad Ul Ajaib, Sainik Farm, New Delhi, Delhi 110030, India', 'Sat, 16 Feb 1:00PM - 5:00PM', '1', '2019-01-25 09:34:22', '0000-00-00 00:00:00');

-- --------------------------------------------------------

--
-- Table structure for table `events`
--

CREATE TABLE `events` (
  `id` int(11) NOT NULL,
  `t1name` varchar(500) NOT NULL,
  `t2name` varchar(500) NOT NULL,
  `t1squade` varchar(500) NOT NULL,
  `t2squade` varchar(500) NOT NULL,
  `t1logo` varchar(500) NOT NULL,
  `t2logo` varchar(500) NOT NULL,
  `event_date` varchar(500) NOT NULL,
  `pitch_report` varchar(1000) NOT NULL,
  `injury_report` varchar(1000) NOT NULL,
  `t1updates` varchar(1000) NOT NULL,
  `t2updates` varchar(1000) NOT NULL,
  `hth` varchar(1000) NOT NULL,
  `safechoice` varchar(1000) NOT NULL,
  `riskychoice` varchar(1000) NOT NULL,
  `created_at` timestamp NOT NULL DEFAULT CURRENT_TIMESTAMP ON UPDATE CURRENT_TIMESTAMP,
  `updated_at` timestamp NOT NULL DEFAULT '0000-00-00 00:00:00'
) ENGINE=MyISAM DEFAULT CHARSET=latin1;

-- --------------------------------------------------------

--
-- Table structure for table `faqs`
--

CREATE TABLE `faqs` (
  `id` int(11) NOT NULL,
  `query` varchar(500) DEFAULT NULL,
  `ans` varchar(500) DEFAULT NULL,
  `created_at` timestamp NOT NULL DEFAULT CURRENT_TIMESTAMP ON UPDATE CURRENT_TIMESTAMP,
  `updated_at` timestamp NOT NULL DEFAULT '0000-00-00 00:00:00'
) ENGINE=MyISAM DEFAULT CHARSET=latin1;

--
-- Dumping data for table `faqs`
--

INSERT INTO `faqs` (`id`, `query`, `ans`, `created_at`, `updated_at`) VALUES
(1, 'What is the aim of this use-case is to define the meals to be served ?', 'The aim of this use-case is to define the meals to be served to the children during the week. The input shall be done by grades. The meals shall be associated to all the children of the referred grade and shall be visible from each child profile. The meals to be defined are: breakfast, morning snack, lunch and afternoon snack. To be filled in a weekly basis.', '2019-02-06 11:30:04', '0000-00-00 00:00:00'),
(2, 'What is the aim of this use-case is to define the meals to be served ?', 'The aim of this use-case is to define the meals to be served to the children during the week. The input shall be done by grades. The meals shall be associated to all the children of the referred grade and shall be visible from each child profile. The meals to be defined are: breakfast, morning snack, lunch and afternoon snack. To be filled in a weekly basis.', '2019-02-06 11:30:04', '0000-00-00 00:00:00');

-- --------------------------------------------------------

--
-- Table structure for table `forumtopiccomments`
--

CREATE TABLE `forumtopiccomments` (
  `id` int(11) NOT NULL,
  `topic_id` varchar(500) NOT NULL,
  `msg` varchar(1000) NOT NULL,
  `user_id` varchar(500) NOT NULL,
  `created_at` timestamp NOT NULL DEFAULT CURRENT_TIMESTAMP ON UPDATE CURRENT_TIMESTAMP,
  `updated_at` timestamp NOT NULL DEFAULT '0000-00-00 00:00:00'
) ENGINE=MyISAM DEFAULT CHARSET=latin1;

--
-- Dumping data for table `forumtopiccomments`
--

INSERT INTO `forumtopiccomments` (`id`, `topic_id`, `msg`, `user_id`, `created_at`, `updated_at`) VALUES
(1, '3', 'hi', '51', '2019-01-09 12:41:39', '2019-01-09 12:41:39'),
(2, '3', 'kxjxurirunf\nkfkfkfodjf\njdjfkdjd\njdjfirutukff', '51', '2019-01-09 12:41:51', '2019-01-09 12:41:51'),
(3, '3', 'hiiii', '8', '2019-01-09 12:43:19', '2019-01-09 12:43:19'),
(4, '3', 'akash', '8', '2019-01-09 12:45:28', '2019-01-09 12:45:28'),
(5, '3', 'sdsd', '51', '2019-01-09 12:45:47', '2019-01-09 12:45:47'),
(6, '3', 'dfdfdfd', '51', '2019-01-09 12:50:05', '2019-01-09 12:50:05'),
(7, '3', 'sdfsdf', '51', '2019-01-09 12:54:14', '2019-01-09 12:54:14'),
(8, '3', 'dfdfdf', '51', '2019-01-09 12:58:13', '2019-01-09 12:58:13'),
(9, '3', 'bxjx', '8', '2019-01-09 13:01:38', '2019-01-09 13:01:38'),
(10, '3', 'FGFGFGF', '51', '2019-01-09 13:03:49', '2019-01-09 13:03:49'),
(11, '3', 'FDF', '51', '2019-01-09 13:07:51', '2019-01-09 13:07:51'),
(12, '3', 'dfd', '51', '2019-01-09 13:31:09', '2019-01-09 13:31:09'),
(13, '3', 'sdsdsds', '51', '2019-01-09 13:34:05', '2019-01-09 13:34:05'),
(14, '3', 'ssd', '51', '2019-01-09 15:02:02', '2019-01-09 15:02:02'),
(15, '3', 'dfdfd', '51', '2019-01-09 15:03:09', '2019-01-09 15:03:09'),
(16, '3', 'dfdfdf', '51', '2019-01-09 15:09:27', '2019-01-09 15:09:27'),
(17, '3', 'fgfgf', '51', '2019-01-09 15:13:53', '2019-01-09 15:13:53'),
(18, '3', 'sdsd', '51', '2019-01-09 16:33:31', '2019-01-09 16:33:31'),
(19, '3', 'abhsi', '8', '2019-01-09 16:55:02', '2019-01-09 16:55:02'),
(20, '3', 'recently comment', '8', '2019-01-09 16:59:38', '2019-01-09 16:59:38'),
(21, '3', 'hiiii', '8', '2019-01-09 17:05:00', '2019-01-09 17:05:00'),
(22, '3', 'heyyyyy', '8', '2019-01-09 17:17:14', '2019-01-09 17:17:14'),
(23, '3', 'abhiiii', '8', '2019-01-09 17:21:43', '2019-01-09 17:21:43'),
(24, '3', 'heyyyyyyyyyyyy', '8', '2019-01-09 17:35:37', '2019-01-09 17:35:37'),
(25, '3', 'abhiiii', '8', '2019-01-09 17:38:17', '2019-01-09 17:38:17'),
(26, '3', 'hiiiiiii', '8', '2019-01-09 17:42:36', '2019-01-09 17:42:36'),
(27, '3', 'heyyyyyyyyyyyyy', '8', '2019-01-09 18:18:17', '2019-01-09 18:18:17'),
(28, '3', 'hiii', '8', '2019-01-10 10:29:57', '2019-01-10 10:29:57'),
(29, '3', 'ghjkbj', '8', '2019-01-10 10:44:02', '2019-01-10 10:44:02'),
(30, '3', 'ghjkbj', '8', '2019-01-10 10:44:03', '2019-01-10 10:44:03'),
(31, '3', 'the', '8', '2019-01-10 10:59:20', '2019-01-10 10:59:20'),
(32, '3', 'hi', '8', '2019-01-10 11:12:07', '2019-01-10 11:12:07'),
(33, '3', 'hi', '8', '2019-01-10 11:12:38', '2019-01-10 11:12:38'),
(34, '3', 'helloo', '8', '2019-01-10 11:15:27', '2019-01-10 11:15:27'),
(35, '3', 'jiiiiiiiii', '8', '2019-01-10 11:17:36', '2019-01-10 11:17:36'),
(36, '3', 'hii', '8', '2019-01-10 11:35:17', '2019-01-10 11:35:17'),
(37, '3', 'hiiiiiiiii', '8', '2019-01-10 17:59:34', '2019-01-10 17:59:34'),
(38, '3', 'abhishek', '8', '2019-01-10 17:59:50', '2019-01-10 17:59:50'),
(39, '3', 'hiii', '8', '2019-01-11 10:44:36', '2019-01-11 10:44:36'),
(40, '3', 'jdjddj', '51', '2019-01-11 19:12:59', '2019-01-11 19:12:59'),
(41, '3', 'jdjdjd', '51', '2019-01-11 19:16:35', '2019-01-11 19:16:35'),
(42, '3', 'jdjdj', '51', '2019-01-11 19:17:49', '2019-01-11 19:17:49'),
(43, '3', 'ivuv', '51', '2019-01-11 19:18:25', '2019-01-11 19:18:25'),
(44, '3', 'uyffc', '51', '2019-01-12 12:27:03', '2019-01-12 12:27:03'),
(45, '3', 'dfhhk', '8', '2019-01-14 16:24:43', '2019-01-14 16:24:43'),
(46, '3', 'hey', '27', '2019-01-17 12:09:04', '2019-01-17 12:09:04'),
(47, '3', 'kgggh', '51', '2019-01-22 12:24:07', '2019-01-22 12:24:07'),
(48, '3', 'hjj', '51', '2019-01-22 12:24:34', '2019-01-22 12:24:34'),
(49, '3', 'hjg', '51', '2019-01-22 12:24:51', '2019-01-22 12:24:51'),
(50, '3', 'jdjd', '51', '2019-01-23 18:38:38', '2019-01-23 18:38:38'),
(51, '3', 'swati', '51', '2019-01-23 18:50:29', '2019-01-23 18:50:29'),
(52, '3', 'swati', '51', '2019-01-23 18:50:30', '2019-01-23 18:50:30'),
(53, '3', 'hhhhhh', '51', '2019-01-24 16:38:12', '2019-01-24 16:38:12'),
(54, '3', 'jfu', '51', '2019-01-25 12:13:42', '2019-01-25 12:13:42'),
(55, '3', 'dfdfdf', '51', '2019-01-25 12:16:58', '2019-01-25 12:16:58'),
(56, '3', 'dbdh', '51', '2019-02-04 13:01:34', '2019-02-04 13:01:34'),
(57, '3', 'cvvgbbbbb', '51', '2019-02-04 13:01:46', '2019-02-04 13:01:46'),
(58, '3', 'ddfghhjjjkk', '51', '2019-02-04 13:03:27', '2019-02-04 13:03:27'),
(59, '3', 'hello guys', '48', '2019-02-08 11:17:55', '2019-02-08 11:17:55'),
(60, '3', 'jdjfj', '51', '2019-02-23 15:22:18', '2019-02-23 15:22:18'),
(61, '3', 'jdjd', '51', '2019-02-28 11:20:14', '2019-02-28 11:20:14'),
(62, '3', 'rud', '51', '2019-02-28 11:21:53', '2019-02-28 11:21:53'),
(63, '3', 'poiiuy', '51', '2019-02-28 11:21:58', '2019-02-28 11:21:58'),
(64, '3', 'erririt', '51', '2019-02-28 11:22:07', '2019-02-28 11:22:07'),
(65, '3', 'ucfu', '51', '2019-02-28 11:30:35', '2019-02-28 11:30:35');

-- --------------------------------------------------------

--
-- Table structure for table `forumtopics`
--

CREATE TABLE `forumtopics` (
  `id` int(11) NOT NULL,
  `name` varchar(500) NOT NULL,
  `admin_status` varchar(500) NOT NULL DEFAULT '0',
  `created_at` timestamp NOT NULL DEFAULT CURRENT_TIMESTAMP ON UPDATE CURRENT_TIMESTAMP,
  `updated_at` timestamp NOT NULL DEFAULT '0000-00-00 00:00:00'
) ENGINE=MyISAM DEFAULT CHARSET=latin1;

--
-- Dumping data for table `forumtopics`
--

INSERT INTO `forumtopics` (`id`, `name`, `admin_status`, `created_at`, `updated_at`) VALUES
(1, 'asdasdasd', '0', '2018-12-10 11:16:28', '0000-00-00 00:00:00'),
(3, 'gtdfgdfg', '1', '2018-12-10 12:15:29', '0000-00-00 00:00:00'),
(4, 'Tenses', '0', '2018-12-12 08:49:50', '0000-00-00 00:00:00');

-- --------------------------------------------------------

--
-- Table structure for table `forumvideos`
--

CREATE TABLE `forumvideos` (
  `id` int(11) NOT NULL,
  `video` varchar(500) NOT NULL,
  `duration` varchar(500) NOT NULL,
  `title` varchar(500) NOT NULL,
  `description` varchar(500) NOT NULL,
  `admin_status` varchar(500) NOT NULL DEFAULT '0',
  `created_at` timestamp NOT NULL DEFAULT CURRENT_TIMESTAMP ON UPDATE CURRENT_TIMESTAMP,
  `updated_at` timestamp NOT NULL DEFAULT '0000-00-00 00:00:00',
  `thumbnail` varchar(500) NOT NULL DEFAULT 'http://mobuloustech.com/asec_admin/public/images/icon/logoadmin.png'
) ENGINE=MyISAM DEFAULT CHARSET=latin1;

--
-- Dumping data for table `forumvideos`
--

INSERT INTO `forumvideos` (`id`, `video`, `duration`, `title`, `description`, `admin_status`, `created_at`, `updated_at`, `thumbnail`) VALUES
(1, 'http://mobuloustech.com/asec_admin/public/assets/freevideo/4373591.mp4', '5.533333', 'asdasd', 'asdasda', '1', '2018-12-10 11:38:57', '0000-00-00 00:00:00', 'http://mobuloustech.com/asec_admin/public/images/icon/logoadmin.png'),
(3, 'http://mobuloustech.com/asec_admin/public/assets/freevideo/4373591.mp4', '5.533333', 'asdasd', 'asdasda', '1', '2018-12-10 11:38:57', '0000-00-00 00:00:00', 'http://mobuloustech.com/asec_admin/public/images/icon/logoadmin.png');

-- --------------------------------------------------------

--
-- Table structure for table `freecourses`
--

CREATE TABLE `freecourses` (
  `id` int(11) NOT NULL,
  `title` varchar(500) NOT NULL,
  `description` varchar(500) NOT NULL,
  `video` varchar(500) NOT NULL,
  `thumbnail` varchar(500) NOT NULL DEFAULT 'http://mobuloustech.com/asec_admin/public/images/icon/logoadmin.png',
  `duration` varchar(500) NOT NULL,
  `created_at` timestamp NOT NULL DEFAULT CURRENT_TIMESTAMP ON UPDATE CURRENT_TIMESTAMP,
  `updated_at` timestamp NOT NULL DEFAULT '0000-00-00 00:00:00'
) ENGINE=MyISAM DEFAULT CHARSET=latin1;

--
-- Dumping data for table `freecourses`
--

INSERT INTO `freecourses` (`id`, `title`, `description`, `video`, `thumbnail`, `duration`, `created_at`, `updated_at`) VALUES
(15, 'Test Free Course CK A', ' It was popularised in the 1960s with the release of Letraset sheets containing Lorem Ipsum passages, and more recently with desktop publishing software like Aldus PageMaker including versions of Lorem Ipsum', 'http://mobuloustech.com/asec_admin/public/assets/freevideo/95744777.mp4', 'http://mobuloustech.com/asec_admin/public/assets/freevideothumbnail/d1t7dt1r.png', '30.063333', '2018-12-12 11:53:25', '0000-00-00 00:00:00'),
(16, 'Test Free Course CK B', ' It was popularised in the 1960s with the release of Letraset sheets containing Lorem Ipsum passages, and more recently with desktop publishing software like Aldus PageMaker including versions of Lorem Ipsum', 'http://mobuloustech.com/asec_admin/public/assets/freevideo/90129193.mp4', 'http://mobuloustech.com/asec_admin/public/assets/freevideothumbnail/p0uat0cp.png', '22.055', '2018-12-12 11:54:40', '0000-00-00 00:00:00');

-- --------------------------------------------------------

--
-- Table structure for table `helps`
--

CREATE TABLE `helps` (
  `id` int(11) NOT NULL,
  `msg` varchar(500) NOT NULL,
  `user_id` varchar(500) NOT NULL,
  `created_at` timestamp NOT NULL DEFAULT CURRENT_TIMESTAMP ON UPDATE CURRENT_TIMESTAMP,
  `updated_at` timestamp NOT NULL DEFAULT '0000-00-00 00:00:00'
) ENGINE=MyISAM DEFAULT CHARSET=latin1;

--
-- Dumping data for table `helps`
--

INSERT INTO `helps` (`id`, `msg`, `user_id`, `created_at`, `updated_at`) VALUES
(1, 'adahsgfd sadfhsagf', '4', '2019-01-23 12:14:24', '2019-01-23 12:14:24'),
(2, 'dfdfdfdf SSD sdfsdsdsdsdsdsdsdsdsdsd', '51', '2019-01-23 12:38:45', '2019-01-23 12:38:45'),
(3, 'fffffffffffffffffffff', '50', '2019-02-07 14:47:19', '2019-02-07 14:47:19');

-- --------------------------------------------------------

--
-- Table structure for table `livestreaming`
--

CREATE TABLE `livestreaming` (
  `id` int(11) NOT NULL,
  `course_id` varchar(500) NOT NULL,
  `streamchannelid` varchar(500) NOT NULL,
  `title` varchar(500) NOT NULL,
  `description` varchar(500) NOT NULL,
  `status` varchar(500) NOT NULL DEFAULT '0',
  `channelid` varchar(500) DEFAULT NULL,
  `viewlink` varchar(500) NOT NULL,
  `startdatetime` varchar(500) DEFAULT NULL,
  `thumbnail` varchar(500) NOT NULL DEFAULT 'http://asecenglish.com/asec_admin/public/images/icon/logoadmin.png',
  `streaming_status` varchar(500) NOT NULL DEFAULT '0',
  `created_at` timestamp NOT NULL DEFAULT CURRENT_TIMESTAMP ON UPDATE CURRENT_TIMESTAMP,
  `updated_at` timestamp NULL DEFAULT NULL
) ENGINE=MyISAM DEFAULT CHARSET=latin1;

--
-- Dumping data for table `livestreaming`
--

INSERT INTO `livestreaming` (`id`, `course_id`, `streamchannelid`, `title`, `description`, `status`, `channelid`, `viewlink`, `startdatetime`, `thumbnail`, `streaming_status`, `created_at`, `updated_at`) VALUES
(1, '1', 'rtmp://54.161.88.7:1935/stream1/a', 'First live video1', 'hsafda aghsfdhfasd fsadhasf', '0', '8401343', 'mediastoressl://vmknb73hb3roqj.data.mediastore.us-east-1.amazonaws.com/11551701096845.m3u8', '1546511248000', 'http://asecenglish.com/asec_admin/public/images/icon/logoadmin.png', '0', '2019-03-06 08:04:47', '2019-02-11 00:00:00'),
(2, '1', 'rtmp://34.239.196.172:1935/mylivestream/a', 'First live video1', 'hsafda aghsfdhfasd fsadhasf', '0', '1190965', 'mediastoressl://vmknb73hb3roqj.data.mediastore.us-east-1.amazonaws.com/11551715193486.m3u8', ' ', 'http://asecenglish.com/asec_admin/public/images/icon/logoadmin.png', '1', '2019-03-04 15:59:53', '2019-02-11 00:00:00');

-- --------------------------------------------------------

--
-- Table structure for table `manageattempts`
--

CREATE TABLE `manageattempts` (
  `id` int(11) NOT NULL,
  `user_id` varchar(500) NOT NULL,
  `questionids_list` varchar(1000) NOT NULL,
  `created_at` timestamp NOT NULL DEFAULT CURRENT_TIMESTAMP ON UPDATE CURRENT_TIMESTAMP,
  `updated_at` timestamp NOT NULL DEFAULT '0000-00-00 00:00:00'
) ENGINE=MyISAM DEFAULT CHARSET=latin1;

--
-- Dumping data for table `manageattempts`
--

INSERT INTO `manageattempts` (`id`, `user_id`, `questionids_list`, `created_at`, `updated_at`) VALUES
(1, '3', '1,2,4', '2018-12-18 18:59:36', '2018-12-18 18:59:36'),
(2, '3', '6', '2018-12-19 11:35:38', '2018-12-19 11:35:38'),
(3, '3', '7,8,9', '2018-12-19 12:29:37', '2018-12-19 12:29:37'),
(4, '51', '75,76,77,78', '2018-12-19 19:00:35', '2018-12-19 19:00:35'),
(5, '51', '105', '2018-12-19 19:22:04', '2018-12-19 19:22:04'),
(6, '51', '192', '2018-12-20 11:58:26', '2018-12-20 11:58:26'),
(7, '51', '205', '2018-12-20 13:02:20', '2018-12-20 13:02:20'),
(8, '51', '206', '2018-12-20 13:02:30', '2018-12-20 13:02:30'),
(9, '51', '207,208', '2018-12-20 14:39:34', '2018-12-20 14:39:34'),
(10, '51', '209,210', '2018-12-20 14:43:27', '2018-12-20 14:43:27'),
(11, '51', '211', '2018-12-20 14:46:57', '2018-12-20 14:46:57'),
(12, '51', '212', '2018-12-20 14:49:08', '2018-12-20 14:49:08'),
(13, '51', '213', '2018-12-20 14:49:58', '2018-12-20 14:49:58'),
(14, '51', '214,215', '2018-12-20 14:56:03', '2018-12-20 14:56:03'),
(15, '51', '214,216,217', '2018-12-20 14:56:37', '2018-12-20 14:56:37'),
(16, '51', '214,216', '2018-12-20 14:57:06', '2018-12-20 14:57:06'),
(17, '51', '214,216,218', '2018-12-20 15:01:54', '2018-12-20 15:01:54'),
(18, '51', '214,216,219', '2018-12-20 15:02:24', '2018-12-20 15:02:24'),
(19, '51', '214,216,220', '2018-12-20 15:02:58', '2018-12-20 15:02:58'),
(20, '51', '221,222', '2018-12-20 15:09:02', '2018-12-20 15:09:02'),
(21, '51', '223,224,225', '2018-12-20 15:19:51', '2018-12-20 15:19:51'),
(22, '51', '226,227', '2018-12-20 15:21:13', '2018-12-20 15:21:13'),
(23, '51', '228,229,230', '2018-12-20 15:24:20', '2018-12-20 15:24:20'),
(24, '51', '228,229,231', '2018-12-20 15:24:46', '2018-12-20 15:24:46'),
(25, '51', '228,229,232', '2018-12-20 15:26:11', '2018-12-20 15:26:11'),
(26, '51', '233,234,235', '2018-12-20 15:29:21', '2018-12-20 15:29:21'),
(27, '51', '236,237,238,239', '2018-12-20 15:29:58', '2018-12-20 15:29:58'),
(28, '51', '236,237,238,240', '2018-12-20 15:40:27', '2018-12-20 15:40:27'),
(29, '51', '236,237,238,241', '2018-12-20 15:40:37', '2018-12-20 15:40:37'),
(30, '51', '242,243,244', '2018-12-20 15:53:31', '2018-12-20 15:53:31'),
(31, '51', '245', '2018-12-20 16:03:49', '2018-12-20 16:03:49'),
(32, '51', '246', '2018-12-20 16:04:50', '2018-12-20 16:04:50'),
(33, '51', '247', '2018-12-20 16:49:04', '2018-12-20 16:49:04'),
(34, '51', '248', '2018-12-20 16:50:26', '2018-12-20 16:50:26'),
(35, '51', '249,250', '2018-12-20 16:55:28', '2018-12-20 16:55:28'),
(36, '51', '251', '2018-12-20 16:56:46', '2018-12-20 16:56:46'),
(37, '51', '252,253,254,255', '2018-12-20 16:58:48', '2018-12-20 16:58:48'),
(38, '51', '252,253,254,256,257', '2018-12-20 17:02:02', '2018-12-20 17:02:02'),
(39, '51', '252,253,254,256,258', '2018-12-20 17:02:50', '2018-12-20 17:02:50'),
(40, '51', '259,260,261,262', '2018-12-20 17:09:23', '2018-12-20 17:09:23'),
(41, '51', '263,264,265,266', '2018-12-20 17:12:02', '2018-12-20 17:12:02'),
(42, '51', '267,268,269,270', '2018-12-20 17:41:37', '2018-12-20 17:41:37'),
(43, '51', '267,268,269,270,271', '2018-12-20 17:42:03', '2018-12-20 17:42:03'),
(44, '51', '272,273', '2018-12-20 17:53:00', '2018-12-20 17:53:00'),
(45, '51', '274,275,276,277,278', '2018-12-20 17:54:17', '2018-12-20 17:54:17'),
(46, '51', '279,280,281,282', '2018-12-20 17:55:38', '2018-12-20 17:55:38'),
(47, '51', '279,280,281,283', '2018-12-20 17:56:17', '2018-12-20 17:56:17'),
(48, '51', '279,280,281', '2018-12-20 17:56:48', '2018-12-20 17:56:48'),
(49, '51', '279,280,281,284', '2018-12-20 17:57:02', '2018-12-20 17:57:02'),
(50, '51', '285,286,287,288', '2018-12-20 18:01:13', '2018-12-20 18:01:13'),
(51, '51', '285,286,287,289,290', '2018-12-20 18:09:07', '2018-12-20 18:09:07'),
(52, '51', '291,292,293', '2018-12-20 18:19:06', '2018-12-20 18:19:06'),
(53, '51', '294,295,296,297', '2018-12-20 18:25:32', '2018-12-20 18:25:32'),
(54, '51', '294,295,296,298', '2018-12-20 18:26:33', '2018-12-20 18:26:33'),
(55, '51', '299,300,301,302', '2018-12-20 18:28:24', '2018-12-20 18:28:24'),
(56, '51', '303,304,305', '2018-12-20 18:29:35', '2018-12-20 18:29:35'),
(57, '51', '306,307,308', '2018-12-20 18:30:32', '2018-12-20 18:30:32'),
(58, '51', '309,310,311', '2018-12-20 18:31:26', '2018-12-20 18:31:26'),
(59, '51', '312,313,314', '2018-12-20 18:33:00', '2018-12-20 18:33:00'),
(60, '51', '315,316,317', '2018-12-20 18:33:40', '2018-12-20 18:33:40'),
(61, '51', '318,319,320', '2018-12-20 18:34:21', '2018-12-20 18:34:21'),
(62, '51', '321,322', '2018-12-20 18:35:09', '2018-12-20 18:35:09'),
(63, '51', '323,324,325', '2018-12-20 18:35:53', '2018-12-20 18:35:53'),
(64, '51', '326,327,328', '2018-12-20 18:38:08', '2018-12-20 18:38:08'),
(65, '51', '329,330,331', '2018-12-20 18:39:32', '2018-12-20 18:39:32'),
(66, '51', '332,333,334,335', '2018-12-20 18:41:36', '2018-12-20 18:41:36'),
(67, '51', '336,337,338', '2018-12-20 18:44:10', '2018-12-20 18:44:10'),
(68, '51', '339,340,341,342', '2018-12-20 18:50:52', '2018-12-20 18:50:52'),
(69, '51', '343,344,345,346', '2018-12-20 18:53:03', '2018-12-20 18:53:03'),
(70, '51', '347,348,349,350', '2018-12-20 18:53:31', '2018-12-20 18:53:31'),
(71, '51', '347,348,349,351', '2018-12-20 19:00:14', '2018-12-20 19:00:14'),
(72, '51', '347,348,349,352', '2018-12-20 19:00:46', '2018-12-20 19:00:46'),
(73, '51', '353,354,355,356', '2018-12-20 23:42:29', '2018-12-20 23:42:29'),
(74, '51', '353,354,355,357,358', '2018-12-20 23:43:50', '2018-12-20 23:43:50'),
(75, '51', '359,360,361,362', '2018-12-21 11:10:15', '2018-12-21 11:10:15'),
(76, '51', '363,364,365,366', '2018-12-21 11:22:34', '2018-12-21 11:22:34'),
(77, '51', '363,364,365,367', '2018-12-21 11:23:07', '2018-12-21 11:23:07'),
(78, '51', '368,369,370,371', '2018-12-21 11:24:32', '2018-12-21 11:24:32'),
(79, '51', '372,373,374,375', '2018-12-21 11:31:41', '2018-12-21 11:31:41'),
(80, '51', '376,377,378,379,380', '2018-12-21 11:34:00', '2018-12-21 11:34:00'),
(81, '51', '381,382,383,384', '2018-12-21 11:34:23', '2018-12-21 11:34:23'),
(82, '51', '385,386,387,388', '2018-12-21 11:43:01', '2018-12-21 11:43:01'),
(83, '51', '389,390,391,392,393', '2018-12-21 11:44:02', '2018-12-21 11:44:02'),
(84, '51', '389,390,391,392,394', '2018-12-21 11:44:24', '2018-12-21 11:44:24'),
(85, '51', '395,396,397,398', '2018-12-21 11:47:10', '2018-12-21 11:47:10'),
(86, '51', '399,400,401,402,403', '2018-12-21 11:48:01', '2018-12-21 11:48:01'),
(87, '51', '404,405,406,407', '2018-12-21 11:49:34', '2018-12-21 11:49:34'),
(88, '51', '408,409,410,411', '2018-12-21 11:50:15', '2018-12-21 11:50:15'),
(89, '51', '412,413,414,415,416', '2018-12-21 11:53:05', '2018-12-21 11:53:05'),
(90, '51', '417,418,419,420', '2018-12-21 11:54:16', '2018-12-21 11:54:16'),
(91, '51', '421,422,423,424,425', '2018-12-21 11:55:30', '2018-12-21 11:55:30'),
(92, '51', '426,427,428,429', '2018-12-21 12:04:37', '2018-12-21 12:04:37'),
(93, '51', '426,427,428,430', '2018-12-21 12:05:00', '2018-12-21 12:05:00'),
(94, '51', '431,432,433,434,435', '2018-12-21 12:13:30', '2018-12-21 12:13:30'),
(95, '51', '431,432,433,434,436', '2018-12-21 12:16:07', '2018-12-21 12:16:07'),
(96, '51', '437,438,439,440,441', '2018-12-21 12:23:01', '2018-12-21 12:23:01'),
(97, '51', '442,443,444,445', '2018-12-21 12:35:48', '2018-12-21 12:35:48'),
(98, '51', '446,447,448,449,450', '2018-12-21 12:38:28', '2018-12-21 12:38:28'),
(99, '51', '451,452,453,454,455', '2018-12-21 12:40:42', '2018-12-21 12:40:42'),
(100, '51', '451,452,453,454,456', '2018-12-21 12:41:32', '2018-12-21 12:41:32'),
(101, '51', '457,458,459,460,461', '2018-12-21 12:45:15', '2018-12-21 12:45:15'),
(102, '51', '457,458,459,460,462', '2018-12-21 12:45:38', '2018-12-21 12:45:38'),
(103, '51', '463,464,465,466,467', '2018-12-21 12:46:52', '2018-12-21 12:46:52'),
(104, '51', '463,464,465,466,468', '2018-12-21 12:47:02', '2018-12-21 12:47:02'),
(105, '51', '463,464,465,466,469', '2018-12-21 12:50:04', '2018-12-21 12:50:04'),
(106, '51', '470,471,472,473', '2018-12-21 12:50:44', '2018-12-21 12:50:44'),
(107, '51', '470,471,472,474', '2018-12-21 12:51:06', '2018-12-21 12:51:06'),
(108, '51', '470,471,472,475', '2018-12-21 12:52:11', '2018-12-21 12:52:11'),
(109, '51', '476,477,478,479', '2018-12-21 12:54:01', '2018-12-21 12:54:01'),
(110, '51', '480,481,482,483,484', '2018-12-21 12:55:22', '2018-12-21 12:55:22'),
(111, '51', '485,486', '2018-12-21 12:55:57', '2018-12-21 12:55:57'),
(112, '51', '487,488,489', '2018-12-21 12:59:44', '2018-12-21 12:59:44'),
(113, '51', '487,488,490', '2018-12-21 13:00:18', '2018-12-21 13:00:18'),
(114, '51', '493', '2018-12-21 13:13:16', '2018-12-21 13:13:16'),
(115, '51', '494', '2018-12-21 13:13:39', '2018-12-21 13:13:39'),
(116, '51', '495,496', '2018-12-21 13:19:03', '2018-12-21 13:19:03'),
(117, '51', '497,498,499,500', '2018-12-21 14:28:37', '2018-12-21 14:28:37'),
(118, '51', '501,502,503,504', '2018-12-21 14:32:33', '2018-12-21 14:32:33'),
(119, '51', '501,502,503,505', '2018-12-21 14:32:53', '2018-12-21 14:32:53'),
(120, '51', '506,507,508,509', '2018-12-21 14:33:50', '2018-12-21 14:33:50'),
(121, '51', '506,507,508,510', '2018-12-21 14:33:56', '2018-12-21 14:33:56'),
(122, '51', '506,507,508,511', '2018-12-21 14:34:03', '2018-12-21 14:34:03'),
(123, '51', '512,513,514,515,516', '2018-12-21 14:35:53', '2018-12-21 14:35:53'),
(124, '51', '512,513,514,515,517', '2018-12-21 14:36:00', '2018-12-21 14:36:00'),
(125, '51', '512,513,514,515,518', '2018-12-21 14:36:06', '2018-12-21 14:36:06'),
(126, '51', '512,513,514,515,519', '2018-12-21 14:36:41', '2018-12-21 14:36:41'),
(127, '51', '512,513,514,515,520', '2018-12-21 14:37:06', '2018-12-21 14:37:06'),
(128, '51', '512,513,514,515,521', '2018-12-21 14:37:32', '2018-12-21 14:37:32'),
(129, '51', '522,523,524,525,526', '2018-12-21 14:37:59', '2018-12-21 14:37:59'),
(130, '51', '522,523,524,525', '2018-12-21 14:40:19', '2018-12-21 14:40:19'),
(131, '51', '527,528,529,530', '2018-12-21 14:45:56', '2018-12-21 14:45:56'),
(132, '51', '531,532,533,534,535', '2018-12-21 14:54:59', '2018-12-21 14:54:59'),
(133, '51', '531,532,533,534,536', '2018-12-21 14:55:13', '2018-12-21 14:55:13'),
(134, '51', '537,538,539,540,541', '2018-12-21 14:56:53', '2018-12-21 14:56:53'),
(135, '51', '537,538,539,540,542', '2018-12-21 14:57:09', '2018-12-21 14:57:09'),
(136, '51', '543,544,545', '2018-12-21 14:57:30', '2018-12-21 14:57:30'),
(137, '51', '543,544,546,547,548', '2018-12-21 14:57:41', '2018-12-21 14:57:41'),
(138, '51', '543,544,546,547,549', '2018-12-21 14:57:52', '2018-12-21 14:57:52'),
(139, '51', '543,544,546,547,550', '2018-12-21 14:58:01', '2018-12-21 14:58:01'),
(140, '51', '551,552,553,554,555', '2018-12-21 15:08:30', '2018-12-21 15:08:30'),
(141, '51', '551,552,553,554,556', '2018-12-21 15:08:50', '2018-12-21 15:08:50'),
(142, '51', '551,552,553,554,557', '2018-12-21 15:09:09', '2018-12-21 15:09:09'),
(143, '51', '551,552,553,554,558', '2018-12-21 15:09:36', '2018-12-21 15:09:36'),
(144, '51', '559,560,561,562,563', '2018-12-21 15:18:04', '2018-12-21 15:18:04'),
(145, '51', '564,565,566,567,568', '2018-12-21 15:21:31', '2018-12-21 15:21:31'),
(146, '51', '564,565,566,567,569', '2018-12-21 15:22:04', '2018-12-21 15:22:04'),
(147, '51', '564,565,566,567', '2018-12-21 15:22:16', '2018-12-21 15:22:16'),
(148, '51', '564,565,566,567', '2018-12-21 15:23:24', '2018-12-21 15:23:24'),
(149, '51', '570,571,572,573,574', '2018-12-21 22:42:54', '2018-12-21 22:42:54'),
(150, '51', '575,576,577,578', '2018-12-24 11:23:19', '2018-12-24 11:23:19'),
(151, '8', '580,581,582,583', '2018-12-24 17:04:44', '2018-12-24 17:04:44'),
(152, '8', '580,581,582,583', '2018-12-24 17:29:36', '2018-12-24 17:29:36'),
(153, '8', '584,585', '2018-12-24 18:45:25', '2018-12-24 18:45:25'),
(154, '8', '586', '2018-12-24 19:17:04', '2018-12-24 19:17:04'),
(155, '8', '586', '2018-12-24 19:23:12', '2018-12-24 19:23:12'),
(156, '8', '589,590,591', '2018-12-26 10:16:06', '2018-12-26 10:16:06'),
(157, '8', '592,593', '2018-12-26 10:20:27', '2018-12-26 10:20:27'),
(158, '8', '594,595', '2018-12-26 11:57:07', '2018-12-26 11:57:07'),
(159, '8', '596,597', '2018-12-26 12:03:29', '2018-12-26 12:03:29'),
(160, '8', '598', '2018-12-26 12:04:44', '2018-12-26 12:04:44'),
(161, '8', '599', '2018-12-26 12:08:03', '2018-12-26 12:08:03'),
(162, '8', '600', '2018-12-26 12:15:06', '2018-12-26 12:15:06'),
(163, '8', '601', '2018-12-26 12:17:55', '2018-12-26 12:17:55'),
(164, '8', '602,603', '2018-12-26 12:19:55', '2018-12-26 12:19:55'),
(165, '8', '604,605', '2018-12-26 12:28:46', '2018-12-26 12:28:46'),
(166, '8', '606,607', '2018-12-26 12:33:13', '2018-12-26 12:33:13'),
(167, '8', '608', '2018-12-26 12:36:30', '2018-12-26 12:36:30'),
(168, '8', '609', '2018-12-26 12:46:48', '2018-12-26 12:46:48'),
(169, '8', '610', '2018-12-26 12:49:36', '2018-12-26 12:49:36'),
(170, '8', '611,612', '2018-12-26 13:01:04', '2018-12-26 13:01:04'),
(171, '8', '614,615', '2018-12-26 14:41:59', '2018-12-26 14:41:59'),
(172, '8', '616', '2018-12-26 15:09:01', '2018-12-26 15:09:01'),
(173, '8', '622,623,624,625', '2018-12-26 16:41:12', '2018-12-26 16:41:12'),
(174, '8', '626', '2018-12-26 16:47:40', '2018-12-26 16:47:40'),
(175, '8', '627', '2018-12-26 16:48:53', '2018-12-26 16:48:53'),
(176, '8', '629', '2018-12-26 16:56:10', '2018-12-26 16:56:10'),
(177, '8', '630,631,632,633,634', '2018-12-26 17:08:33', '2018-12-26 17:08:33'),
(178, '8', '635,636,637,638,639', '2018-12-26 17:12:03', '2018-12-26 17:12:03'),
(179, '8', '640,641,642,643,644', '2018-12-26 17:13:22', '2018-12-26 17:13:22'),
(180, '8', '640,641,642,643,645', '2018-12-26 17:16:20', '2018-12-26 17:16:20'),
(181, '8', '646,647,648,649,650', '2018-12-26 17:26:27', '2018-12-26 17:26:27'),
(182, '8', '652,653,654,655,656', '2018-12-26 17:32:43', '2018-12-26 17:32:43'),
(183, '8', '657,658,659,660,661', '2018-12-26 17:59:39', '2018-12-26 17:59:39'),
(184, '8', '662,663,664,665,666', '2018-12-26 18:39:51', '2018-12-26 18:39:51'),
(185, '8', '662,663,664,665,667', '2018-12-26 18:40:20', '2018-12-26 18:40:20'),
(186, '8', '662,663,664,665,668', '2018-12-26 18:40:34', '2018-12-26 18:40:34'),
(187, '51', '669,670,671,672', '2018-12-26 18:40:56', '2018-12-26 18:40:56'),
(188, '8', '662,663,664,665,673', '2018-12-26 18:41:04', '2018-12-26 18:41:04'),
(189, '51', '669,670,671,674', '2018-12-26 18:41:08', '2018-12-26 18:41:08'),
(190, '51', '669,670,671,675', '2018-12-26 18:41:46', '2018-12-26 18:41:46'),
(191, '51', '676,677,678,679', '2018-12-26 18:42:20', '2018-12-26 18:42:20'),
(192, '8', '662,663,664,665,680', '2018-12-26 18:45:11', '2018-12-26 18:45:11'),
(193, '8', '662,663,664,665,681', '2018-12-26 18:45:57', '2018-12-26 18:45:57'),
(194, '8', '682,683,684,685,686', '2018-12-26 18:47:12', '2018-12-26 18:47:12'),
(195, '8', '687,688,689,690', '2018-12-26 19:03:57', '2018-12-26 19:03:57'),
(196, '8', '691,692,693,694', '2018-12-26 19:10:06', '2018-12-26 19:10:06'),
(197, '8', '695,696,697,698,699', '2018-12-26 19:12:20', '2018-12-26 19:12:20'),
(198, '8', '700,701,702', '2018-12-26 19:22:26', '2018-12-26 19:22:26'),
(199, '8', '704,705,706,707,708', '2018-12-26 19:34:38', '2018-12-26 19:34:38'),
(200, '8', '709,710,711,712', '2018-12-26 19:48:08', '2018-12-26 19:48:08'),
(201, '8', '709,710,711,712', '2018-12-26 19:48:47', '2018-12-26 19:48:47'),
(202, '8', '713,714,715', '2018-12-26 19:54:41', '2018-12-26 19:54:41'),
(203, '8', '716,717,718', '2018-12-26 19:57:55', '2018-12-26 19:57:55'),
(204, '8', '719', '2018-12-26 20:09:33', '2018-12-26 20:09:33'),
(205, '8', '721', '2018-12-26 20:10:02', '2018-12-26 20:10:02'),
(206, '8', '722,723,724,725', '2018-12-27 10:27:33', '2018-12-27 10:27:33'),
(207, '8', '726,727,728,729,730', '2018-12-27 10:30:23', '2018-12-27 10:30:23'),
(208, '8', '726,727,728,729,731', '2018-12-27 10:30:43', '2018-12-27 10:30:43'),
(209, '8', '726,727,728,729,732', '2018-12-27 10:31:12', '2018-12-27 10:31:12'),
(210, '8', '726,727,728,729,733', '2018-12-27 10:31:35', '2018-12-27 10:31:35'),
(211, '8', '726,727,728,729,734', '2018-12-27 10:33:25', '2018-12-27 10:33:25'),
(212, '8', '726,727,728,729,735', '2018-12-27 10:33:38', '2018-12-27 10:33:38'),
(213, '8', '736,737,738,739,740', '2018-12-27 10:44:03', '2018-12-27 10:44:03'),
(214, '8', '741,742,743,744,745', '2018-12-27 10:45:00', '2018-12-27 10:45:00'),
(215, '8', '746,747,748,749,750', '2018-12-27 10:49:12', '2018-12-27 10:49:12'),
(216, '51', '751,752,753,754', '2018-12-27 11:22:16', '2018-12-27 11:22:16'),
(217, '51', '755,756,757,758,759', '2019-01-02 13:20:36', '2019-01-02 13:20:36'),
(218, '51', '755,756,757,758,760', '2019-01-02 13:21:08', '2019-01-02 13:21:08'),
(219, '51', '755,756,757,758', '2019-01-02 13:21:38', '2019-01-02 13:21:38'),
(220, '51', '761,762', '2019-01-02 18:51:58', '2019-01-02 18:51:58'),
(221, '51', '763,764,765,766,767', '2019-01-02 19:08:40', '2019-01-02 19:08:40'),
(222, '51', '768,769,770,771,772', '2019-01-02 21:53:41', '2019-01-02 21:53:41'),
(223, '51', '773,774,775', '2019-01-03 12:01:10', '2019-01-03 12:01:10'),
(224, '51', '781', '2019-01-05 12:09:08', '2019-01-05 12:09:08'),
(225, '51', '785,786,787,788,789', '2019-01-07 11:52:51', '2019-01-07 11:52:51'),
(226, '51', '790,791', '2019-01-08 12:46:17', '2019-01-08 12:46:17'),
(227, '51', '792,793,794,795', '2019-01-08 12:58:06', '2019-01-08 12:58:06'),
(228, '51', '799,800,801', '2019-01-09 16:32:14', '2019-01-09 16:32:14'),
(229, '51', '802,803,804,805', '2019-01-10 14:31:08', '2019-01-10 14:31:08'),
(230, '48', '813,814', '2019-01-13 12:29:54', '2019-01-13 12:29:54'),
(231, '48', '815,816,817,818', '2019-01-13 12:30:44', '2019-01-13 12:30:44'),
(232, '51', '819,820,821,822', '2019-01-14 11:51:13', '2019-01-14 11:51:13'),
(233, '8', '825', '2019-01-14 16:06:52', '2019-01-14 16:06:52'),
(234, '27', '826,827,828,829', '2019-01-15 15:00:59', '2019-01-15 15:00:59'),
(235, '50', '830,831,832', '2019-01-16 20:24:49', '2019-01-16 20:24:49'),
(236, '50', '830,831,833', '2019-01-16 20:25:09', '2019-01-16 20:25:09'),
(237, '50', '830,831,834', '2019-01-16 20:26:00', '2019-01-16 20:26:00'),
(238, '27', '835,836,837,838,839', '2019-01-17 11:48:19', '2019-01-17 11:48:19'),
(239, '27', '840,841,842,843,844', '2019-01-17 12:00:29', '2019-01-17 12:00:29'),
(240, '27', '846,847', '2019-01-17 12:03:37', '2019-01-17 12:03:37'),
(241, '50', '848,849,850,851,852', '2019-01-17 12:44:49', '2019-01-17 12:44:49'),
(242, '8', '853,854', '2019-01-17 17:35:30', '2019-01-17 17:35:30'),
(243, '8', '853,855,856,857,858', '2019-01-17 17:35:58', '2019-01-17 17:35:58'),
(244, '8', '853,855,856,857,859', '2019-01-17 17:37:14', '2019-01-17 17:37:14'),
(245, '8', '860,861,862,863,864', '2019-01-17 17:43:03', '2019-01-17 17:43:03'),
(246, '8', '860,861,862,863,865', '2019-01-17 17:45:09', '2019-01-17 17:45:09'),
(247, '51', '866,867,868,869', '2019-01-18 00:13:47', '2019-01-18 00:13:47'),
(248, '51', '866,867,868,869', '2019-01-18 00:13:49', '2019-01-18 00:13:49'),
(249, '51', '870,871,872,873', '2019-01-21 16:51:42', '2019-01-21 16:51:42'),
(250, '21', '874,875,876,877,878', '2019-01-21 21:16:10', '2019-01-21 21:16:10'),
(251, '51', '879,880', '2019-01-24 12:13:58', '2019-01-24 12:13:58'),
(252, '51', '879,881,882', '2019-01-24 12:14:55', '2019-01-24 12:14:55'),
(253, '51', '883', '2019-01-24 12:22:29', '2019-01-24 12:22:29'),
(254, '51', '884', '2019-01-24 12:23:12', '2019-01-24 12:23:12'),
(255, '51', '885,886', '2019-01-24 17:58:17', '2019-01-24 17:58:17'),
(256, '50', '887,888,889,890', '2019-01-25 07:24:06', '2019-01-25 07:24:06'),
(257, '51', '891,892,893,894', '2019-01-25 11:16:45', '2019-01-25 11:16:45'),
(258, '51', '895,896,897', '2019-01-25 11:43:31', '2019-01-25 11:43:31'),
(259, '51', '898,899,900,901', '2019-01-25 12:19:33', '2019-01-25 12:19:33'),
(260, '51', '902,903,904,905,906', '2019-01-25 12:22:16', '2019-01-25 12:22:16'),
(261, '51', '913,914,915,916', '2019-01-25 16:10:00', '2019-01-25 16:10:00'),
(262, '51', '917,918,919', '2019-01-28 19:20:30', '2019-01-28 19:20:30'),
(263, '8', '923,924,925,926', '2019-01-30 16:21:12', '2019-01-30 16:21:12'),
(264, '51', '927,928,929', '2019-01-31 15:02:19', '2019-01-31 15:02:19'),
(265, '51', '932,933,934,935,936', '2019-01-31 20:01:32', '2019-01-31 20:01:32'),
(266, '51', '939,940,941,942', '2019-02-01 09:07:20', '2019-02-01 09:07:20'),
(267, '51', '939,940,941', '2019-02-01 09:07:32', '2019-02-01 09:07:32'),
(268, '21', '943,944,945', '2019-02-03 15:12:15', '2019-02-03 15:12:15'),
(269, '51', '947,948', '2019-02-04 16:57:54', '2019-02-04 16:57:54'),
(270, '51', '949,950,951', '2019-02-06 11:50:42', '2019-02-06 11:50:42'),
(271, '51', '952,953,954', '2019-02-06 12:14:50', '2019-02-06 12:14:50'),
(272, '51', '955,956,957', '2019-02-06 12:18:20', '2019-02-06 12:18:20'),
(273, '51', '955,956,958,959', '2019-02-06 12:29:08', '2019-02-06 12:29:08'),
(274, '51', '955,956,958,960,961', '2019-02-06 12:30:00', '2019-02-06 12:30:00'),
(275, '51', '963,964,965', '2019-02-06 12:47:51', '2019-02-06 12:47:51'),
(276, '51', '966,967,968,969', '2019-02-06 13:11:36', '2019-02-06 13:11:36'),
(277, '51', '970,971,972,973,974', '2019-02-06 21:47:13', '2019-02-06 21:47:13'),
(278, '50', '975,976,977,978', '2019-02-07 11:09:31', '2019-02-07 11:09:31'),
(279, '50', '975,976,977,979', '2019-02-07 11:10:02', '2019-02-07 11:10:02'),
(280, '51', '980,981,982,983', '2019-02-07 15:13:15', '2019-02-07 15:13:15'),
(281, '51', '984,985,986,987,988', '2019-02-07 15:35:07', '2019-02-07 15:35:07'),
(282, '51', '989,990,991,992,993', '2019-02-07 18:18:17', '2019-02-07 18:18:17'),
(283, '51', '994,995,996,997,998', '2019-02-07 18:33:37', '2019-02-07 18:33:37'),
(284, '48', '1000,1001,1002,1003', '2019-02-08 11:33:41', '2019-02-08 11:33:41');

-- --------------------------------------------------------

--
-- Table structure for table `mycourses`
--

CREATE TABLE `mycourses` (
  `id` int(11) NOT NULL,
  `course_id` varchar(500) NOT NULL,
  `type` varchar(500) NOT NULL DEFAULT 'free',
  `user_id` varchar(500) NOT NULL,
  `expdate` varchar(500) DEFAULT '2019-02-20',
  `created_at` timestamp NULL DEFAULT NULL,
  `updated_at` timestamp NULL DEFAULT NULL
) ENGINE=MyISAM DEFAULT CHARSET=latin1;

--
-- Dumping data for table `mycourses`
--

INSERT INTO `mycourses` (`id`, `course_id`, `type`, `user_id`, `expdate`, `created_at`, `updated_at`) VALUES
(1, '1', 'free', '2', '2019-02-20', NULL, NULL),
(2, '2', 'free', '2', '2019-02-20', NULL, NULL),
(3, '12', 'free', '6', '', NULL, NULL),
(4, '1', 'free', '6', '', NULL, NULL),
(5, '2', 'free', '6', '', NULL, NULL),
(6, '12', 'free', '27', '', NULL, NULL),
(7, '2', 'free', '27', '', NULL, NULL),
(8, '1', 'free', '27', '', NULL, NULL),
(9, '2', 'free', '45', '', NULL, NULL),
(10, '12', 'free', '50', '', NULL, NULL),
(11, '16', 'free', '51', '', NULL, NULL),
(12, '15', 'free', '51', '', NULL, NULL),
(13, '16', 'free', '48', '', NULL, NULL),
(14, '1', 'paid', '8', '2019-02-20', NULL, NULL),
(15, '1', 'paid', '1', '2019-02-20', NULL, NULL),
(16, '16', 'free', '50', '', NULL, NULL),
(17, '1', 'paid', '51', '2019-02-20', NULL, NULL);

-- --------------------------------------------------------

--
-- Table structure for table `notifications`
--

CREATE TABLE `notifications` (
  `id` int(11) NOT NULL,
  `receiver_id` varchar(500) NOT NULL,
  `msg` varchar(1000) NOT NULL,
  `status` varchar(500) NOT NULL DEFAULT '0',
  `created_at` timestamp NULL DEFAULT NULL,
  `create_time` varchar(500) DEFAULT NULL,
  `updated_at` timestamp NULL DEFAULT NULL
) ENGINE=MyISAM DEFAULT CHARSET=latin1;

--
-- Dumping data for table `notifications`
--

INSERT INTO `notifications` (`id`, `receiver_id`, `msg`, `status`, `created_at`, `create_time`, `updated_at`) VALUES
(1, '2', 'New Test awaited for you', '1', '2019-03-06 16:50:10', '2019-03-06 04:50:10', '2019-03-06 16:51:18'),
(2, '3', 'New Test awaited for you', '0', '2019-03-06 16:50:10', '2019-03-06 04:50:10', '2019-03-06 16:50:10'),
(3, '4', 'New Test awaited for you', '0', '2019-03-06 16:50:10', '2019-03-06 04:50:10', '2019-03-06 16:50:10'),
(4, '5', 'New Test awaited for you', '0', '2019-03-06 16:50:11', '2019-03-06 04:50:10', '2019-03-06 16:50:11'),
(5, '6', 'New Test awaited for you', '0', '2019-03-06 16:50:11', '2019-03-06 04:50:10', '2019-03-06 16:50:11'),
(6, '8', 'New Test awaited for you', '0', '2019-03-06 16:50:11', '2019-03-06 04:50:10', '2019-03-06 16:50:11'),
(7, '9', 'New Test awaited for you', '0', '2019-03-06 16:50:11', '2019-03-06 04:50:10', '2019-03-06 16:50:11'),
(8, '10', 'New Test awaited for you', '0', '2019-03-06 16:50:11', '2019-03-06 04:50:10', '2019-03-06 16:50:11'),
(9, '11', 'New Test awaited for you', '0', '2019-03-06 16:50:11', '2019-03-06 04:50:10', '2019-03-06 16:50:11'),
(10, '12', 'New Test awaited for you', '0', '2019-03-06 16:50:11', '2019-03-06 04:50:10', '2019-03-06 16:50:11'),
(11, '13', 'New Test awaited for you', '0', '2019-03-06 16:50:11', '2019-03-06 04:50:10', '2019-03-06 16:50:11'),
(12, '14', 'New Test awaited for you', '0', '2019-03-06 16:50:11', '2019-03-06 04:50:10', '2019-03-06 16:50:11'),
(13, '15', 'New Test awaited for you', '0', '2019-03-06 16:50:11', '2019-03-06 04:50:10', '2019-03-06 16:50:11'),
(14, '16', 'New Test awaited for you', '0', '2019-03-06 16:50:12', '2019-03-06 04:50:10', '2019-03-06 16:50:12'),
(15, '17', 'New Test awaited for you', '0', '2019-03-06 16:50:12', '2019-03-06 04:50:10', '2019-03-06 16:50:12'),
(16, '18', 'New Test awaited for you', '0', '2019-03-06 16:50:12', '2019-03-06 04:50:10', '2019-03-06 16:50:12'),
(17, '19', 'New Test awaited for you', '0', '2019-03-06 16:50:12', '2019-03-06 04:50:10', '2019-03-06 16:50:12'),
(18, '20', 'New Test awaited for you', '0', '2019-03-06 16:50:12', '2019-03-06 04:50:10', '2019-03-06 16:50:12'),
(19, '21', 'New Test awaited for you', '0', '2019-03-06 16:50:12', '2019-03-06 04:50:10', '2019-03-06 16:50:12'),
(20, '22', 'New Test awaited for you', '0', '2019-03-06 16:50:12', '2019-03-06 04:50:10', '2019-03-06 16:50:12'),
(21, '23', 'New Test awaited for you', '0', '2019-03-06 16:50:12', '2019-03-06 04:50:10', '2019-03-06 16:50:12'),
(22, '24', 'New Test awaited for you', '0', '2019-03-06 16:50:12', '2019-03-06 04:50:10', '2019-03-06 16:50:12'),
(23, '25', 'New Test awaited for you', '0', '2019-03-06 16:50:12', '2019-03-06 04:50:10', '2019-03-06 16:50:12'),
(24, '26', 'New Test awaited for you', '0', '2019-03-06 16:50:12', '2019-03-06 04:50:10', '2019-03-06 16:50:12'),
(25, '27', 'New Test awaited for you', '0', '2019-03-06 16:50:12', '2019-03-06 04:50:10', '2019-03-06 16:50:12'),
(26, '28', 'New Test awaited for you', '0', '2019-03-06 16:50:12', '2019-03-06 04:50:10', '2019-03-06 16:50:12'),
(27, '29', 'New Test awaited for you', '0', '2019-03-06 16:50:12', '2019-03-06 04:50:10', '2019-03-06 16:50:12'),
(28, '30', 'New Test awaited for you', '0', '2019-03-06 16:50:12', '2019-03-06 04:50:10', '2019-03-06 16:50:12'),
(29, '31', 'New Test awaited for you', '0', '2019-03-06 16:50:12', '2019-03-06 04:50:10', '2019-03-06 16:50:12'),
(30, '32', 'New Test awaited for you', '0', '2019-03-06 16:50:12', '2019-03-06 04:50:10', '2019-03-06 16:50:12'),
(31, '33', 'New Test awaited for you', '0', '2019-03-06 16:50:12', '2019-03-06 04:50:10', '2019-03-06 16:50:12'),
(32, '34', 'New Test awaited for you', '0', '2019-03-06 16:50:12', '2019-03-06 04:50:10', '2019-03-06 16:50:12'),
(33, '35', 'New Test awaited for you', '0', '2019-03-06 16:50:12', '2019-03-06 04:50:10', '2019-03-06 16:50:12'),
(34, '36', 'New Test awaited for you', '0', '2019-03-06 16:50:12', '2019-03-06 04:50:10', '2019-03-06 16:50:12'),
(35, '37', 'New Test awaited for you', '0', '2019-03-06 16:50:12', '2019-03-06 04:50:10', '2019-03-06 16:50:12'),
(36, '38', 'New Test awaited for you', '0', '2019-03-06 16:50:12', '2019-03-06 04:50:10', '2019-03-06 16:50:12'),
(37, '39', 'New Test awaited for you', '0', '2019-03-06 16:50:12', '2019-03-06 04:50:10', '2019-03-06 16:50:12'),
(38, '40', 'New Test awaited for you', '0', '2019-03-06 16:50:12', '2019-03-06 04:50:10', '2019-03-06 16:50:12'),
(39, '41', 'New Test awaited for you', '0', '2019-03-06 16:50:12', '2019-03-06 04:50:10', '2019-03-06 16:50:12'),
(40, '42', 'New Test awaited for you', '0', '2019-03-06 16:50:12', '2019-03-06 04:50:10', '2019-03-06 16:50:12'),
(41, '43', 'New Test awaited for you', '0', '2019-03-06 16:50:12', '2019-03-06 04:50:10', '2019-03-06 16:50:12'),
(42, '44', 'New Test awaited for you', '0', '2019-03-06 16:50:12', '2019-03-06 04:50:10', '2019-03-06 16:50:12'),
(43, '45', 'New Test awaited for you', '0', '2019-03-06 16:50:12', '2019-03-06 04:50:10', '2019-03-06 16:50:12'),
(44, '46', 'New Test awaited for you', '0', '2019-03-06 16:50:12', '2019-03-06 04:50:10', '2019-03-06 16:50:12'),
(45, '47', 'New Test awaited for you', '0', '2019-03-06 16:50:12', '2019-03-06 04:50:10', '2019-03-06 16:50:12'),
(46, '48', 'New Test awaited for you', '1', '2019-03-06 16:50:12', '2019-03-06 04:50:10', '2019-03-06 22:32:13'),
(47, '49', 'New Test awaited for you', '0', '2019-03-06 16:50:13', '2019-03-06 04:50:10', '2019-03-06 16:50:13'),
(48, '50', 'New Test awaited for you', '1', '2019-03-06 16:50:13', '2019-03-06 04:50:10', '2019-03-07 11:39:01'),
(49, '51', 'New Test awaited for you', '1', '2019-03-06 16:50:13', '2019-03-06 04:50:10', '2019-03-07 13:25:39'),
(50, '2', 'New Test awaited for you', '0', '2019-03-06 17:04:21', '2019-03-06 05:04:21', '2019-03-06 17:04:21'),
(51, '2', 'New Test awaited for you', '0', '2019-03-06 17:06:47', '2019-03-06 05:06:47', '2019-03-06 17:06:47'),
(52, '3', 'New Test awaited for you', '0', '2019-03-06 17:06:47', '2019-03-06 05:06:47', '2019-03-06 17:06:47'),
(53, '4', 'New Test awaited for you', '0', '2019-03-06 17:06:47', '2019-03-06 05:06:47', '2019-03-06 17:06:47'),
(54, '5', 'New Test awaited for you', '0', '2019-03-06 17:06:47', '2019-03-06 05:06:47', '2019-03-06 17:06:47'),
(55, '6', 'New Test awaited for you', '0', '2019-03-06 17:06:47', '2019-03-06 05:06:47', '2019-03-06 17:06:47'),
(56, '8', 'New Test awaited for you', '0', '2019-03-06 17:06:47', '2019-03-06 05:06:47', '2019-03-06 17:06:47'),
(57, '9', 'New Test awaited for you', '0', '2019-03-06 17:06:47', '2019-03-06 05:06:47', '2019-03-06 17:06:47'),
(58, '10', 'New Test awaited for you', '0', '2019-03-06 17:06:48', '2019-03-06 05:06:47', '2019-03-06 17:06:48'),
(59, '11', 'New Test awaited for you', '0', '2019-03-06 17:06:48', '2019-03-06 05:06:47', '2019-03-06 17:06:48'),
(60, '12', 'New Test awaited for you', '0', '2019-03-06 17:06:48', '2019-03-06 05:06:47', '2019-03-06 17:06:48'),
(61, '13', 'New Test awaited for you', '0', '2019-03-06 17:06:48', '2019-03-06 05:06:47', '2019-03-06 17:06:48'),
(62, '14', 'New Test awaited for you', '0', '2019-03-06 17:06:48', '2019-03-06 05:06:47', '2019-03-06 17:06:48'),
(63, '15', 'New Test awaited for you', '0', '2019-03-06 17:06:48', '2019-03-06 05:06:47', '2019-03-06 17:06:48'),
(64, '16', 'New Test awaited for you', '0', '2019-03-06 17:06:48', '2019-03-06 05:06:47', '2019-03-06 17:06:48'),
(65, '17', 'New Test awaited for you', '0', '2019-03-06 17:06:48', '2019-03-06 05:06:47', '2019-03-06 17:06:48'),
(66, '18', 'New Test awaited for you', '0', '2019-03-06 17:06:48', '2019-03-06 05:06:47', '2019-03-06 17:06:48'),
(67, '19', 'New Test awaited for you', '0', '2019-03-06 17:06:48', '2019-03-06 05:06:47', '2019-03-06 17:06:48'),
(68, '20', 'New Test awaited for you', '0', '2019-03-06 17:06:48', '2019-03-06 05:06:47', '2019-03-06 17:06:48'),
(69, '21', 'New Test awaited for you', '0', '2019-03-06 17:06:48', '2019-03-06 05:06:47', '2019-03-06 17:06:48'),
(70, '22', 'New Test awaited for you', '0', '2019-03-06 17:06:48', '2019-03-06 05:06:47', '2019-03-06 17:06:48'),
(71, '23', 'New Test awaited for you', '0', '2019-03-06 17:06:48', '2019-03-06 05:06:47', '2019-03-06 17:06:48'),
(72, '24', 'New Test awaited for you', '0', '2019-03-06 17:06:48', '2019-03-06 05:06:47', '2019-03-06 17:06:48'),
(73, '25', 'New Test awaited for you', '0', '2019-03-06 17:06:48', '2019-03-06 05:06:47', '2019-03-06 17:06:48'),
(74, '26', 'New Test awaited for you', '0', '2019-03-06 17:06:48', '2019-03-06 05:06:47', '2019-03-06 17:06:48'),
(75, '27', 'New Test awaited for you', '0', '2019-03-06 17:06:48', '2019-03-06 05:06:47', '2019-03-06 17:06:48'),
(76, '28', 'New Test awaited for you', '0', '2019-03-06 17:06:48', '2019-03-06 05:06:47', '2019-03-06 17:06:48'),
(77, '29', 'New Test awaited for you', '0', '2019-03-06 17:06:48', '2019-03-06 05:06:47', '2019-03-06 17:06:48'),
(78, '30', 'New Test awaited for you', '0', '2019-03-06 17:06:48', '2019-03-06 05:06:47', '2019-03-06 17:06:48'),
(79, '31', 'New Test awaited for you', '0', '2019-03-06 17:06:48', '2019-03-06 05:06:47', '2019-03-06 17:06:48'),
(80, '32', 'New Test awaited for you', '0', '2019-03-06 17:06:49', '2019-03-06 05:06:47', '2019-03-06 17:06:49'),
(81, '33', 'New Test awaited for you', '0', '2019-03-06 17:06:49', '2019-03-06 05:06:47', '2019-03-06 17:06:49'),
(82, '34', 'New Test awaited for you', '0', '2019-03-06 17:06:49', '2019-03-06 05:06:47', '2019-03-06 17:06:49'),
(83, '35', 'New Test awaited for you', '0', '2019-03-06 17:06:49', '2019-03-06 05:06:47', '2019-03-06 17:06:49'),
(84, '36', 'New Test awaited for you', '0', '2019-03-06 17:06:49', '2019-03-06 05:06:47', '2019-03-06 17:06:49'),
(85, '37', 'New Test awaited for you', '0', '2019-03-06 17:06:49', '2019-03-06 05:06:47', '2019-03-06 17:06:49'),
(86, '38', 'New Test awaited for you', '0', '2019-03-06 17:06:49', '2019-03-06 05:06:47', '2019-03-06 17:06:49'),
(87, '39', 'New Test awaited for you', '0', '2019-03-06 17:06:49', '2019-03-06 05:06:47', '2019-03-06 17:06:49'),
(88, '40', 'New Test awaited for you', '0', '2019-03-06 17:06:49', '2019-03-06 05:06:47', '2019-03-06 17:06:49'),
(89, '41', 'New Test awaited for you', '0', '2019-03-06 17:06:49', '2019-03-06 05:06:47', '2019-03-06 17:06:49'),
(90, '42', 'New Test awaited for you', '0', '2019-03-06 17:06:49', '2019-03-06 05:06:47', '2019-03-06 17:06:49'),
(91, '43', 'New Test awaited for you', '0', '2019-03-06 17:06:49', '2019-03-06 05:06:47', '2019-03-06 17:06:49'),
(92, '44', 'New Test awaited for you', '0', '2019-03-06 17:06:49', '2019-03-06 05:06:47', '2019-03-06 17:06:49'),
(93, '45', 'New Test awaited for you', '0', '2019-03-06 17:06:49', '2019-03-06 05:06:47', '2019-03-06 17:06:49'),
(94, '46', 'New Test awaited for you', '0', '2019-03-06 17:06:49', '2019-03-06 05:06:47', '2019-03-06 17:06:49'),
(95, '47', 'New Test awaited for you', '0', '2019-03-06 17:06:49', '2019-03-06 05:06:47', '2019-03-06 17:06:49'),
(96, '48', 'New Test awaited for you', '1', '2019-03-06 17:06:49', '2019-03-06 05:06:47', '2019-03-06 22:32:13'),
(97, '49', 'New Test awaited for you', '0', '2019-03-06 17:06:49', '2019-03-06 05:06:47', '2019-03-06 17:06:49'),
(98, '50', 'New Test awaited for you', '1', '2019-03-06 17:06:49', '2019-03-06 05:06:47', '2019-03-07 11:39:01'),
(99, '51', 'New Test awaited for you', '1', '2019-03-06 17:06:49', '2019-03-06 05:06:47', '2019-03-07 13:25:39'),
(100, '2', 'Percentage Tricks/Shortcuts/Formula | Percentage Problems Tricks and Shortcuts | DSSSB, CTET, KVS', '0', '2019-03-06 17:07:41', '2019-03-06 05:07:41', '2019-03-06 17:07:41'),
(101, '3', 'Percentage Tricks/Shortcuts/Formula | Percentage Problems Tricks and Shortcuts | DSSSB, CTET, KVS', '0', '2019-03-06 17:07:41', '2019-03-06 05:07:41', '2019-03-06 17:07:41'),
(102, '4', 'Percentage Tricks/Shortcuts/Formula | Percentage Problems Tricks and Shortcuts | DSSSB, CTET, KVS', '0', '2019-03-06 17:07:41', '2019-03-06 05:07:41', '2019-03-06 17:07:41'),
(103, '5', 'Percentage Tricks/Shortcuts/Formula | Percentage Problems Tricks and Shortcuts | DSSSB, CTET, KVS', '0', '2019-03-06 17:07:41', '2019-03-06 05:07:41', '2019-03-06 17:07:41'),
(104, '6', 'Percentage Tricks/Shortcuts/Formula | Percentage Problems Tricks and Shortcuts | DSSSB, CTET, KVS', '0', '2019-03-06 17:07:41', '2019-03-06 05:07:41', '2019-03-06 17:07:41'),
(105, '8', 'Percentage Tricks/Shortcuts/Formula | Percentage Problems Tricks and Shortcuts | DSSSB, CTET, KVS', '0', '2019-03-06 17:07:41', '2019-03-06 05:07:41', '2019-03-06 17:07:41'),
(106, '9', 'Percentage Tricks/Shortcuts/Formula | Percentage Problems Tricks and Shortcuts | DSSSB, CTET, KVS', '0', '2019-03-06 17:07:41', '2019-03-06 05:07:41', '2019-03-06 17:07:41'),
(107, '10', 'Percentage Tricks/Shortcuts/Formula | Percentage Problems Tricks and Shortcuts | DSSSB, CTET, KVS', '0', '2019-03-06 17:07:41', '2019-03-06 05:07:41', '2019-03-06 17:07:41'),
(108, '11', 'Percentage Tricks/Shortcuts/Formula | Percentage Problems Tricks and Shortcuts | DSSSB, CTET, KVS', '0', '2019-03-06 17:07:41', '2019-03-06 05:07:41', '2019-03-06 17:07:41'),
(109, '12', 'Percentage Tricks/Shortcuts/Formula | Percentage Problems Tricks and Shortcuts | DSSSB, CTET, KVS', '0', '2019-03-06 17:07:41', '2019-03-06 05:07:41', '2019-03-06 17:07:41'),
(110, '13', 'Percentage Tricks/Shortcuts/Formula | Percentage Problems Tricks and Shortcuts | DSSSB, CTET, KVS', '0', '2019-03-06 17:07:41', '2019-03-06 05:07:41', '2019-03-06 17:07:41'),
(111, '14', 'Percentage Tricks/Shortcuts/Formula | Percentage Problems Tricks and Shortcuts | DSSSB, CTET, KVS', '0', '2019-03-06 17:07:41', '2019-03-06 05:07:41', '2019-03-06 17:07:41'),
(112, '15', 'Percentage Tricks/Shortcuts/Formula | Percentage Problems Tricks and Shortcuts | DSSSB, CTET, KVS', '0', '2019-03-06 17:07:42', '2019-03-06 05:07:41', '2019-03-06 17:07:42'),
(113, '16', 'Percentage Tricks/Shortcuts/Formula | Percentage Problems Tricks and Shortcuts | DSSSB, CTET, KVS', '0', '2019-03-06 17:07:42', '2019-03-06 05:07:41', '2019-03-06 17:07:42'),
(114, '17', 'Percentage Tricks/Shortcuts/Formula | Percentage Problems Tricks and Shortcuts | DSSSB, CTET, KVS', '0', '2019-03-06 17:07:42', '2019-03-06 05:07:41', '2019-03-06 17:07:42'),
(115, '18', 'Percentage Tricks/Shortcuts/Formula | Percentage Problems Tricks and Shortcuts | DSSSB, CTET, KVS', '0', '2019-03-06 17:07:42', '2019-03-06 05:07:41', '2019-03-06 17:07:42'),
(116, '19', 'Percentage Tricks/Shortcuts/Formula | Percentage Problems Tricks and Shortcuts | DSSSB, CTET, KVS', '0', '2019-03-06 17:07:42', '2019-03-06 05:07:41', '2019-03-06 17:07:42'),
(117, '20', 'Percentage Tricks/Shortcuts/Formula | Percentage Problems Tricks and Shortcuts | DSSSB, CTET, KVS', '0', '2019-03-06 17:07:42', '2019-03-06 05:07:41', '2019-03-06 17:07:42'),
(118, '21', 'Percentage Tricks/Shortcuts/Formula | Percentage Problems Tricks and Shortcuts | DSSSB, CTET, KVS', '0', '2019-03-06 17:07:42', '2019-03-06 05:07:41', '2019-03-06 17:07:42'),
(119, '22', 'Percentage Tricks/Shortcuts/Formula | Percentage Problems Tricks and Shortcuts | DSSSB, CTET, KVS', '0', '2019-03-06 17:07:42', '2019-03-06 05:07:41', '2019-03-06 17:07:42'),
(120, '23', 'Percentage Tricks/Shortcuts/Formula | Percentage Problems Tricks and Shortcuts | DSSSB, CTET, KVS', '0', '2019-03-06 17:07:42', '2019-03-06 05:07:41', '2019-03-06 17:07:42'),
(121, '24', 'Percentage Tricks/Shortcuts/Formula | Percentage Problems Tricks and Shortcuts | DSSSB, CTET, KVS', '0', '2019-03-06 17:07:42', '2019-03-06 05:07:41', '2019-03-06 17:07:42'),
(122, '25', 'Percentage Tricks/Shortcuts/Formula | Percentage Problems Tricks and Shortcuts | DSSSB, CTET, KVS', '0', '2019-03-06 17:07:42', '2019-03-06 05:07:41', '2019-03-06 17:07:42'),
(123, '26', 'Percentage Tricks/Shortcuts/Formula | Percentage Problems Tricks and Shortcuts | DSSSB, CTET, KVS', '0', '2019-03-06 17:07:42', '2019-03-06 05:07:41', '2019-03-06 17:07:42'),
(124, '27', 'Percentage Tricks/Shortcuts/Formula | Percentage Problems Tricks and Shortcuts | DSSSB, CTET, KVS', '0', '2019-03-06 17:07:42', '2019-03-06 05:07:41', '2019-03-06 17:07:42'),
(125, '28', 'Percentage Tricks/Shortcuts/Formula | Percentage Problems Tricks and Shortcuts | DSSSB, CTET, KVS', '0', '2019-03-06 17:07:42', '2019-03-06 05:07:41', '2019-03-06 17:07:42'),
(126, '29', 'Percentage Tricks/Shortcuts/Formula | Percentage Problems Tricks and Shortcuts | DSSSB, CTET, KVS', '0', '2019-03-06 17:07:42', '2019-03-06 05:07:41', '2019-03-06 17:07:42'),
(127, '30', 'Percentage Tricks/Shortcuts/Formula | Percentage Problems Tricks and Shortcuts | DSSSB, CTET, KVS', '0', '2019-03-06 17:07:42', '2019-03-06 05:07:41', '2019-03-06 17:07:42'),
(128, '31', 'Percentage Tricks/Shortcuts/Formula | Percentage Problems Tricks and Shortcuts | DSSSB, CTET, KVS', '0', '2019-03-06 17:07:42', '2019-03-06 05:07:41', '2019-03-06 17:07:42'),
(129, '32', 'Percentage Tricks/Shortcuts/Formula | Percentage Problems Tricks and Shortcuts | DSSSB, CTET, KVS', '0', '2019-03-06 17:07:42', '2019-03-06 05:07:41', '2019-03-06 17:07:42'),
(130, '33', 'Percentage Tricks/Shortcuts/Formula | Percentage Problems Tricks and Shortcuts | DSSSB, CTET, KVS', '0', '2019-03-06 17:07:42', '2019-03-06 05:07:41', '2019-03-06 17:07:42'),
(131, '34', 'Percentage Tricks/Shortcuts/Formula | Percentage Problems Tricks and Shortcuts | DSSSB, CTET, KVS', '0', '2019-03-06 17:07:42', '2019-03-06 05:07:41', '2019-03-06 17:07:42'),
(132, '35', 'Percentage Tricks/Shortcuts/Formula | Percentage Problems Tricks and Shortcuts | DSSSB, CTET, KVS', '0', '2019-03-06 17:07:42', '2019-03-06 05:07:41', '2019-03-06 17:07:42'),
(133, '36', 'Percentage Tricks/Shortcuts/Formula | Percentage Problems Tricks and Shortcuts | DSSSB, CTET, KVS', '0', '2019-03-06 17:07:42', '2019-03-06 05:07:41', '2019-03-06 17:07:42'),
(134, '37', 'Percentage Tricks/Shortcuts/Formula | Percentage Problems Tricks and Shortcuts | DSSSB, CTET, KVS', '0', '2019-03-06 17:07:42', '2019-03-06 05:07:41', '2019-03-06 17:07:42'),
(135, '38', 'Percentage Tricks/Shortcuts/Formula | Percentage Problems Tricks and Shortcuts | DSSSB, CTET, KVS', '0', '2019-03-06 17:07:42', '2019-03-06 05:07:41', '2019-03-06 17:07:42'),
(136, '39', 'Percentage Tricks/Shortcuts/Formula | Percentage Problems Tricks and Shortcuts | DSSSB, CTET, KVS', '0', '2019-03-06 17:07:42', '2019-03-06 05:07:41', '2019-03-06 17:07:42'),
(137, '40', 'Percentage Tricks/Shortcuts/Formula | Percentage Problems Tricks and Shortcuts | DSSSB, CTET, KVS', '0', '2019-03-06 17:07:42', '2019-03-06 05:07:41', '2019-03-06 17:07:42'),
(138, '41', 'Percentage Tricks/Shortcuts/Formula | Percentage Problems Tricks and Shortcuts | DSSSB, CTET, KVS', '0', '2019-03-06 17:07:42', '2019-03-06 05:07:41', '2019-03-06 17:07:42'),
(139, '42', 'Percentage Tricks/Shortcuts/Formula | Percentage Problems Tricks and Shortcuts | DSSSB, CTET, KVS', '0', '2019-03-06 17:07:42', '2019-03-06 05:07:41', '2019-03-06 17:07:42'),
(140, '43', 'Percentage Tricks/Shortcuts/Formula | Percentage Problems Tricks and Shortcuts | DSSSB, CTET, KVS', '0', '2019-03-06 17:07:42', '2019-03-06 05:07:41', '2019-03-06 17:07:42'),
(141, '44', 'Percentage Tricks/Shortcuts/Formula | Percentage Problems Tricks and Shortcuts | DSSSB, CTET, KVS', '0', '2019-03-06 17:07:42', '2019-03-06 05:07:41', '2019-03-06 17:07:42'),
(142, '45', 'Percentage Tricks/Shortcuts/Formula | Percentage Problems Tricks and Shortcuts | DSSSB, CTET, KVS', '0', '2019-03-06 17:07:42', '2019-03-06 05:07:41', '2019-03-06 17:07:42'),
(143, '46', 'Percentage Tricks/Shortcuts/Formula | Percentage Problems Tricks and Shortcuts | DSSSB, CTET, KVS', '0', '2019-03-06 17:07:42', '2019-03-06 05:07:41', '2019-03-06 17:07:42'),
(144, '47', 'Percentage Tricks/Shortcuts/Formula | Percentage Problems Tricks and Shortcuts | DSSSB, CTET, KVS', '0', '2019-03-06 17:07:43', '2019-03-06 05:07:41', '2019-03-06 17:07:43'),
(145, '48', 'Percentage Tricks/Shortcuts/Formula | Percentage Problems Tricks and Shortcuts | DSSSB, CTET, KVS', '1', '2019-03-06 17:07:43', '2019-03-06 05:07:41', '2019-03-06 22:32:13'),
(146, '49', 'Percentage Tricks/Shortcuts/Formula | Percentage Problems Tricks and Shortcuts | DSSSB, CTET, KVS', '0', '2019-03-06 17:07:43', '2019-03-06 05:07:41', '2019-03-06 17:07:43'),
(147, '50', 'Percentage Tricks/Shortcuts/Formula | Percentage Problems Tricks and Shortcuts | DSSSB, CTET, KVS', '1', '2019-03-06 17:07:43', '2019-03-06 05:07:41', '2019-03-07 11:39:01'),
(148, '51', 'Percentage Tricks/Shortcuts/Formula | Percentage Problems Tricks and Shortcuts | DSSSB, CTET, KVS', '1', '2019-03-06 17:07:43', '2019-03-06 05:07:41', '2019-03-07 13:25:39');

-- --------------------------------------------------------

--
-- Table structure for table `paidcourses`
--

CREATE TABLE `paidcourses` (
  `id` int(11) NOT NULL,
  `title` varchar(500) NOT NULL,
  `description` varchar(500) NOT NULL,
  `intro_video` varchar(500) NOT NULL,
  `thumbnail` varchar(500) NOT NULL DEFAULT 'http://mobuloustech.com/asec_admin/public/images/icon/logoadmin.png',
  `duration` varchar(500) NOT NULL,
  `price` varchar(500) NOT NULL,
  `modules_id` varchar(500) NOT NULL,
  `created_at` timestamp NOT NULL DEFAULT CURRENT_TIMESTAMP ON UPDATE CURRENT_TIMESTAMP,
  `updated_at` timestamp NOT NULL DEFAULT '0000-00-00 00:00:00'
) ENGINE=MyISAM DEFAULT CHARSET=latin1;

--
-- Dumping data for table `paidcourses`
--

INSERT INTO `paidcourses` (`id`, `title`, `description`, `intro_video`, `thumbnail`, `duration`, `price`, `modules_id`, `created_at`, `updated_at`) VALUES
(1, 'SSC GD MATH', 'Percentage Tricks/Shortcuts/Formula | Percentage Problems Tricks and Shortcuts | DSSSB, CTET, KVS', 'https://www.youtube.com/embed/gbR_m1byDns?ecver=1', 'http://mobuloustech.com/asec_admin/public/images/icon/logoadmin.png', '21:51', '3000', '1,2,3,4,5,6,7,8', '2018-12-05 07:31:58', '0000-00-00 00:00:00'),
(66, 'English Course', 'Test new Cases Study Material', 'http://mobuloustech.com/asec_admin/public/assets/paidvideo/26393433.mp4', 'http://mobuloustech.com/asec_admin/public/assets/paidvideothumbnail/zzv4omms.png', '10.0078', '5000', '93', '2018-12-13 07:49:52', '0000-00-00 00:00:00'),
(59, 'Test Paid Course CK A', 'Lorem Ipsum is simply dummy text of the printing and typesetting industry. Lorem Ipsum has been the industrys standard dummy text ever since the 1500s, when an unknown printer took a galley of type and scrambled it to make a type specimen book. It has survived not only five centuries, but also the leap into electronic typesetting, remaining essentially unchanged. It was popularised in the 1960s with the release of Letraset sheets containing Lorem Ipsum passages, and more recently with desktop pu', 'http://mobuloustech.com/asec_admin/public/assets/paidvideo/45418574.mp4', 'http://mobuloustech.com/asec_admin/public/images/icon/logoadmin.png', '16.766667', '3200', '88,89,90', '2018-12-11 13:32:18', '0000-00-00 00:00:00');

-- --------------------------------------------------------

--
-- Table structure for table `payments`
--

CREATE TABLE `payments` (
  `amt` varchar(500) DEFAULT NULL,
  `id` int(11) NOT NULL,
  `user_id` varchar(500) DEFAULT NULL,
  `agains_id` varchar(500) DEFAULT NULL,
  `trnx_id` varchar(500) DEFAULT NULL,
  `type` varchar(500) DEFAULT NULL,
  `status` varchar(500) DEFAULT '0',
  `backresponce` varchar(1000) DEFAULT NULL,
  `created_at` timestamp NULL DEFAULT NULL,
  `updated_at` timestamp NULL DEFAULT NULL,
  `paiddate` varchar(500) DEFAULT NULL,
  `responce_code` varchar(500) DEFAULT NULL
) ENGINE=InnoDB DEFAULT CHARSET=latin1;

--
-- Dumping data for table `payments`
--

INSERT INTO `payments` (`amt`, `id`, `user_id`, `agains_id`, `trnx_id`, `type`, `status`, `backresponce`, `created_at`, `updated_at`, `paiddate`, `responce_code`) VALUES
(NULL, 1, '51', '1', NULL, 'course', '0', NULL, NULL, NULL, '2019-02-28 11:34:30am', NULL),
(NULL, 2, '51', '1', NULL, 'course', '0', NULL, NULL, NULL, '2019-02-28 11:34:59am', NULL),
(NULL, 3, '', '', NULL, '', '0', NULL, NULL, NULL, '2019-02-28 12:20:28pm', NULL),
(NULL, 4, '51', '1', '19022846207724', 'course', '0', '{"Response_Code":"E0803","Unique_Ref_Number":"19022846207724","Service_Tax_Amount":"null","Processing_Fee_Amount":"null","Total_Amount":"1.00","Transaction_Amount":"1","Transaction_Date":"28-02-2019 17:51:58","Interchange_Value":"","TDR":"","Payment_Mode":"DEBIT_CARD","SubMerchantId":"69","ReferenceNo":"4","ID":"207864","RS":"5211423cd20d29d1b709b4c5d0ba455f787a98faa7131fbcb979ac2fa564e4302490c7913d13d526b682472eab5f85ca4dc833b50dd68606e7c86a1c5d4a1f3c","TPS":"N","mandatory_fields":"4|69|1|Ram|pratap11191@gmail.com|9140405194","optional_fields":"null","RSV":"059b56f809fe47858005871b6234688131b4cb78eaa95654425f0b52cf81b262c0053191112800e07987c7291634ff2e33afcd48c99c8eccace709a39836d415"}', NULL, NULL, '28-02-2019 17:51:58', 'E0803'),
(NULL, 5, '51', '1', NULL, 'course', '0', NULL, NULL, NULL, '2019-02-28 12:22:11pm', NULL),
(NULL, 6, '51', '1', NULL, 'course', '0', NULL, NULL, NULL, '2019-02-28 12:22:14pm', NULL),
(NULL, 7, '51', '1', '19022846207776', 'course', '0', '{"Response_Code":"E0803","Unique_Ref_Number":"19022846207776","Service_Tax_Amount":"null","Processing_Fee_Amount":"null","Total_Amount":"1.01","Transaction_Amount":"1","Transaction_Date":"28-02-2019 17:52:57","Interchange_Value":"","TDR":"","Payment_Mode":"CREDIT_CARD","SubMerchantId":"69","ReferenceNo":"7","ID":"207864","RS":"dc135e400a58e0eaf1bc979879b0924415cf5aead0ceed83293460ffb82c45392542276ec653f60ae07dbf1a51da770c219add0d3a993a4a627b91d542cab67d","TPS":"N","mandatory_fields":"7|69|1|Ram|pratap11191@gmail.com|9140405194","optional_fields":"null","RSV":"b3afef988a94a638edef291d3d7b98ce0d0c0b95f7fbfc159fe373b03ceba229e639ae2332ab1556200b6e852c06d2c170903dceaaf19112d14838c9d54a1876"}', NULL, NULL, '28-02-2019 17:52:57', 'E0803'),
(NULL, 8, '51', '1', '19022846207809', 'course', '1', '{"Response_Code":"E000","Unique_Ref_Number":"19022846207809","Service_Tax_Amount":"0.00","Processing_Fee_Amount":"0.01","Total_Amount":"1.01","Transaction_Amount":"1","Transaction_Date":"28-02-2019 17:56:31","Interchange_Value":"","TDR":"","Payment_Mode":"CREDIT_CARD","SubMerchantId":"69","ReferenceNo":"8","ID":"207864","RS":"171329a2a6b32a6135eced1e07666cb091f8dd531b5f82e70c65b3e6d148fd7029326348ab8a0eca18bd961e11a67821a71645dc6ea73c024522d40646dc2f03","TPS":"Y","mandatory_fields":"8|69|1|Ram|pratap11191@gmail.com|9140405194","optional_fields":"null","RSV":"3959c449223beab76a1808089b768e37f975151ab59eb85e2d5802be5eb26f79daff8336cd82189cd6b2d1d82e85c228874079df132518ef99e73260982c8727"}', NULL, NULL, '28-02-2019 17:56:31', 'E000'),
('3000', 9, '51', '1', NULL, 'course', '0', NULL, NULL, NULL, '2019-02-28 01:18:30pm', NULL),
('3000', 10, '51', '1', NULL, 'course', '0', NULL, NULL, NULL, '2019-02-28 01:18:35pm', NULL),
('3000', 11, '51', '1', NULL, 'course', '0', NULL, NULL, NULL, '2019-02-28 01:19:44pm', NULL),
('3000', 12, '51', '1', NULL, 'course', '0', NULL, NULL, NULL, '2019-02-28 01:19:48pm', NULL),
('3000', 13, '51', '1', NULL, 'course', '0', NULL, NULL, NULL, '2019-02-28 01:20:08pm', NULL),
('3000', 14, '51', '1', NULL, 'course', '0', NULL, NULL, NULL, '2019-02-28 01:20:24pm', NULL),
('3200', 15, '51', '59', NULL, 'course', '0', NULL, NULL, NULL, '2019-02-28 01:30:30pm', NULL),
('3200', 16, '51', '59', NULL, 'course', '0', NULL, NULL, NULL, '2019-02-28 01:30:35pm', NULL),
('3200', 17, '51', '59', NULL, 'course', '0', NULL, NULL, NULL, '2019-02-28 01:31:01pm', NULL),
('3200', 18, '51', '59', NULL, 'course', '0', NULL, NULL, NULL, '2019-02-28 01:31:09pm', NULL),
('3200', 19, '51', '59', NULL, 'course', '0', NULL, NULL, NULL, '2019-02-28 01:31:19pm', NULL),
('3200', 20, '51', '59', NULL, 'course', '0', NULL, NULL, NULL, '2019-02-28 01:31:32pm', NULL),
('3200', 21, '51', '59', NULL, 'course', '0', NULL, NULL, NULL, '2019-02-28 01:31:43pm', NULL),
('500', 22, '51', '14', NULL, 'book', '0', NULL, NULL, NULL, '2019-02-28 02:06:11pm', NULL),
('500', 23, '51', '15', NULL, 'book', '0', NULL, NULL, NULL, '2019-02-28 02:07:03pm', NULL),
('500', 24, '51', '16', NULL, 'book', '0', NULL, NULL, NULL, '2019-02-28 02:07:25pm', NULL),
('500', 25, '51', '17', NULL, 'book', '0', NULL, NULL, NULL, '2019-02-28 02:07:57pm', NULL),
('500', 26, '51', '18', NULL, 'book', '0', NULL, NULL, NULL, '2019-02-28 02:08:33pm', NULL),
('500', 27, '51', '19', NULL, 'book', '0', NULL, NULL, NULL, '2019-02-28 02:08:51pm', NULL),
('3200', 28, '51', '59', NULL, 'course', '0', NULL, NULL, NULL, '2019-03-01 05:25:53am', NULL),
('3200', 29, '51', '59', NULL, 'course', '0', NULL, NULL, NULL, '2019-03-01 05:32:28am', NULL),
('3200', 30, '51', '59', NULL, 'course', '0', NULL, NULL, NULL, '2019-03-01 06:43:43am', NULL),
('3200', 31, '51', '59', NULL, 'course', '0', NULL, NULL, NULL, '2019-03-01 10:45:12am', NULL),
('800', 32, '51', '20', NULL, 'book', '0', NULL, NULL, NULL, '2019-03-01 01:41:43pm', NULL),
('800', 33, '51', '21', NULL, 'book', '0', NULL, NULL, NULL, '2019-03-01 01:41:56pm', NULL),
('800', 34, '51', '22', NULL, 'book', '0', NULL, NULL, NULL, '2019-03-01 01:51:22pm', NULL),
('3200', 35, '51', '59', NULL, 'course', '0', NULL, NULL, NULL, '2019-03-02 07:35:01am', NULL),
('3200', 36, '51', '59', NULL, 'course', '0', NULL, NULL, NULL, '2019-03-03 08:30:33am', NULL),
('5000', 37, '51', '66', NULL, 'course', '0', NULL, NULL, NULL, '2019-03-05 06:10:47am', NULL),
('5000', 38, '51', '66', NULL, 'course', '0', NULL, NULL, NULL, '2019-03-05 06:10:53am', NULL),
('5000', 39, '51', '66', NULL, 'course', '0', NULL, NULL, NULL, '2019-03-05 06:10:57am', NULL),
('5000', 40, '51', '66', NULL, 'course', '0', NULL, NULL, NULL, '2019-03-05 06:11:01am', NULL),
('5000', 41, '51', '66', NULL, 'course', '0', NULL, NULL, NULL, '2019-03-06 02:13:32pm', NULL),
('3200', 42, '51', '59', NULL, 'course', '0', NULL, NULL, NULL, '2019-03-06 02:13:53pm', NULL),
('3200', 43, '51', '59', NULL, 'course', '0', NULL, NULL, NULL, '2019-03-06 02:14:40pm', NULL),
('3200', 44, '51', '59', NULL, 'course', '0', NULL, NULL, NULL, '2019-03-06 02:14:42pm', NULL),
('5000', 45, '51', '66', NULL, 'course', '0', NULL, NULL, NULL, '2019-03-06 02:15:01pm', NULL),
('3000', 46, '51', '1', NULL, 'course', '0', NULL, NULL, NULL, '2019-03-06 02:15:35pm', NULL),
('3000', 47, '51', '1', NULL, 'course', '0', NULL, NULL, NULL, '2019-03-06 02:23:11pm', NULL),
('3000', 48, '51', '1', NULL, 'course', '0', NULL, NULL, NULL, '2019-03-06 02:25:09pm', NULL),
('3000', 49, '51', '1', NULL, 'course', '0', NULL, NULL, NULL, '2019-03-06 02:25:25pm', NULL),
('3000', 50, '51', '1', NULL, 'course', '0', NULL, NULL, NULL, '2019-03-06 02:28:09pm', NULL),
('3000', 51, '51', '1', NULL, 'course', '0', NULL, NULL, NULL, '2019-03-06 02:28:11pm', NULL),
('3000', 52, '51', '1', NULL, 'course', '0', NULL, NULL, NULL, '2019-03-06 02:33:59pm', NULL),
('5000', 53, '51', '66', NULL, 'course', '0', NULL, NULL, NULL, '2019-03-06 04:33:10pm', NULL),
('3200', 54, '51', '59', NULL, 'course', '0', NULL, NULL, NULL, '2019-03-06 04:46:46pm', NULL),
('3000', 55, '50', '1', NULL, 'course', '0', NULL, NULL, NULL, '2019-03-07 05:50:49am', NULL),
('5000', 56, '50', '66', NULL, 'course', '0', NULL, NULL, NULL, '2019-03-07 05:52:52am', NULL),
('800', 57, '50', '23', NULL, 'book', '0', NULL, NULL, NULL, '2019-03-07 05:59:51am', NULL),
('5000', 58, '50', '66', NULL, 'course', '0', NULL, NULL, NULL, '2019-03-07 06:02:26am', NULL),
('5000', 59, '50', '66', NULL, 'course', '0', NULL, NULL, NULL, '2019-03-07 06:02:57am', NULL),
('5000', 60, '50', '66', NULL, 'course', '0', NULL, NULL, NULL, '2019-03-07 06:03:12am', NULL),
('5000', 61, '50', '66', NULL, 'course', '0', NULL, NULL, NULL, '2019-03-07 06:03:15am', NULL),
('5000', 62, '50', '66', NULL, 'course', '0', NULL, NULL, NULL, '2019-03-07 06:03:18am', NULL),
('5000', 63, '50', '66', NULL, 'course', '0', NULL, NULL, NULL, '2019-03-07 06:03:31am', NULL),
('5000', 64, '50', '66', NULL, 'course', '0', NULL, NULL, NULL, '2019-03-07 06:03:36am', NULL),
('5000', 65, '50', '66', NULL, 'course', '0', NULL, NULL, NULL, '2019-03-07 06:03:39am', NULL),
('800', 66, '50', '24', NULL, 'book', '0', NULL, NULL, NULL, '2019-03-07 06:07:24am', NULL),
('800', 67, '50', '25', NULL, 'book', '0', NULL, NULL, NULL, '2019-03-07 06:08:44am', NULL),
('450', 68, '50', '26', NULL, 'book', '0', NULL, NULL, NULL, '2019-03-07 06:17:06am', NULL),
('3000', 69, '51', '1', NULL, 'course', '0', NULL, NULL, NULL, '2019-03-07 08:35:52am', NULL),
('3000', 70, '51', '1', NULL, 'course', '0', NULL, NULL, NULL, '2019-03-07 11:41:51am', NULL),
('3000', 71, '51', '1', NULL, 'course', '0', NULL, NULL, NULL, '2019-03-07 11:41:55am', NULL),
('3000', 72, '51', '1', NULL, 'course', '0', NULL, NULL, NULL, '2019-03-07 11:41:57am', NULL),
('3000', 73, '51', '1', NULL, 'course', '0', NULL, NULL, NULL, '2019-03-07 11:43:09am', NULL),
('800', 74, '51', '27', NULL, 'book', '0', NULL, NULL, NULL, '2019-03-07 12:02:02pm', NULL),
('800', 75, '51', '28', NULL, 'book', '0', NULL, NULL, NULL, '2019-03-07 12:02:43pm', NULL);

-- --------------------------------------------------------

--
-- Table structure for table `players`
--

CREATE TABLE `players` (
  `id` int(5) NOT NULL,
  `first_name` varchar(255) NOT NULL,
  `last_name` varchar(255) NOT NULL,
  `position` varchar(255) NOT NULL,
  `number` int(11) NOT NULL,
  `image` varchar(255) NOT NULL,
  `user_name` varchar(20) NOT NULL
) ENGINE=MyISAM DEFAULT CHARSET=latin1;

--
-- Dumping data for table `players`
--

INSERT INTO `players` (`id`, `first_name`, `last_name`, `position`, `number`, `image`, `user_name`) VALUES
(3, 'asda', 'asd', 'Goalkeeper', 213, 'pratap11191@gmail.com.jpeg', 'pratap11191@gmail.co'),
(4, 'sad', 'dsfs', 'Defender', 233, 'pratap11191@gmail.com.jpeg', 'pratap11191@gmail.co');

-- --------------------------------------------------------

--
-- Table structure for table `questions`
--

CREATE TABLE `questions` (
  `id` int(11) NOT NULL,
  `title` varchar(500) NOT NULL,
  `option_a` varchar(500) NOT NULL,
  `option_b` varchar(500) NOT NULL,
  `option_c` varchar(500) NOT NULL,
  `option_d` varchar(500) NOT NULL,
  `ans` varchar(500) NOT NULL,
  `priorites` varchar(500) NOT NULL,
  `test_id` varchar(500) NOT NULL,
  `remark` varchar(500) NOT NULL DEFAULT 'Type A',
  `explanation` varchar(500) NOT NULL DEFAULT 'Nothing',
  `created_at` timestamp NOT NULL DEFAULT CURRENT_TIMESTAMP ON UPDATE CURRENT_TIMESTAMP,
  `updated_at` timestamp NOT NULL DEFAULT '0000-00-00 00:00:00'
) ENGINE=MyISAM DEFAULT CHARSET=latin1;

--
-- Dumping data for table `questions`
--

INSERT INTO `questions` (`id`, `title`, `option_a`, `option_b`, `option_c`, `option_d`, `ans`, `priorites`, `test_id`, `remark`, `explanation`, `created_at`, `updated_at`) VALUES
(1, 'Successive discount of 10% , 20% and 50% will be equivalent to a single discount of-', '34%', '64%', '80%', '56%', 'option_b', '1', '1', 'Discount', 'Nothing', '2018-12-18 09:29:59', '0000-00-00 00:00:00'),
(2, 'Of three numbers, the second is thrice the first and the third number is three-fourth of the first. If the average of the three numbers is 114, the largest number is –', '72', '216', '354', '726', 'option_b', '2', '1', 'Series', 'Nothing', '2018-12-18 09:30:19', '0000-00-00 00:00:00'),
(3, 'The average of 3 numbers is 154. The first number is twice the second and the second number is twice the third. The first number is-', '264', '132', '88', '66', 'option_a', '3', '1', 'Discount', 'Nothing', '2018-12-18 09:30:32', '0000-00-00 00:00:00'),
(4, ' The average salary of all the staff in an office of a corporate house is Rs. 5,000. The average salary of the officers is Rs. 14,000 and that of the rest is Rs. 4,000. If the total number of staff is 500, the number of officers is –', '10', '15', '25', '50', 'option_d', '4', '1', 'Series', 'Nothing', '2018-12-18 09:30:46', '0000-00-00 00:00:00'),
(5, ' A and B are two alloys of gold and copper prepared by mixing metals in the ratio 7:2 and 7:11 respectively. If equal quantities of the alloys are melted to form a third alloy C, the ratio of gold and copper in C will be-', '5:7', '5:9', '7:5', '9:5', 'option_c', '5', '1', 'Discount', 'Nothing', '2018-12-18 09:30:58', '0000-00-00 00:00:00'),
(6, ' World Day for Water is observed on which of the following dates?', '22 August', '22 July', '22 October', '22 March', 'option_d', '1', '2', 'Type A', 'Nothing', '2018-12-18 07:33:22', '0000-00-00 00:00:00'),
(7, 'As per new data released recently what was GDP real growth rate?', '7%', '8%', '12%', '9%', 'option_b', '2', '2', 'Type B', 'Nothing', '2018-12-18 09:31:30', '0000-00-00 00:00:00'),
(8, 'Meryl Streep who was awarded one of the Oscar Awards 2012, is a famous.', 'Film Director', 'Actress', 'Songwriter', 'Screen play writer', 'option_b', '3', '2', 'Type A', 'Nothing', '2018-12-19 11:11:16', '0000-00-00 00:00:00'),
(9, 'India conducted a joint naval coast guard exercise Sahyog-Kaijin-XI with.... ', 'China', 'Myanmar', 'Thailand', 'Japan', 'option_d', '4', '2', 'Type B', 'Nothing', '2018-12-18 09:31:36', '0000-00-00 00:00:00'),
(10, ' Which of the following teams won the Africa Cup Football championship final held in February 2012? ', 'Kenya', 'Zambia', 'South Africa', 'Ghana', 'option_b', '5', '2', 'Type A', 'Nothing', '2018-12-18 07:38:59', '0000-00-00 00:00:00'),
(11, 'asdasd', 'sda', 'asd', 'sad', 'asd', 'option_a', '1', '3', 'adfafa', 'dasd sdfsfsd', '2019-01-28 10:56:45', '0000-00-00 00:00:00'),
(12, 'dsd', 'as', 'dfg', 'ff', 'gg', 'option_b', '1', '4', '1', 'asdad', '2019-02-06 07:50:14', '0000-00-00 00:00:00'),
(13, 'gfdg fghfh', 'ghh', 'hg', 'fghfgh', 'fghfgh', 'option_a', '1', '5', 'fghfg', 'fhgfghfg', '2019-02-06 10:34:50', '0000-00-00 00:00:00');

-- --------------------------------------------------------

--
-- Table structure for table `replies`
--

CREATE TABLE `replies` (
  `id` int(11) NOT NULL,
  `thread_id` varchar(500) NOT NULL,
  `msg` varchar(1000) NOT NULL,
  `user_id` varchar(500) NOT NULL,
  `created_at` timestamp NOT NULL DEFAULT CURRENT_TIMESTAMP ON UPDATE CURRENT_TIMESTAMP,
  `updated_at` timestamp NOT NULL DEFAULT '0000-00-00 00:00:00'
) ENGINE=MyISAM DEFAULT CHARSET=latin1;

--
-- Dumping data for table `replies`
--

INSERT INTO `replies` (`id`, `thread_id`, `msg`, `user_id`, `created_at`, `updated_at`) VALUES
(1, '1', 'hiiii', '8', '2019-01-09 12:42:47', '2019-01-09 12:42:47'),
(2, '1', 'abhi', '8', '2019-01-09 12:43:54', '2019-01-09 12:43:54'),
(3, '1', 'hello', '8', '2019-01-09 12:45:02', '2019-01-09 12:45:02'),
(4, '2', 'fdfdf', '51', '2019-01-09 12:46:23', '2019-01-09 12:46:23'),
(5, '1', 'test', '51', '2019-01-09 12:46:42', '2019-01-09 12:46:42'),
(6, '2', 'sdsdsd', '51', '2019-01-09 12:47:51', '2019-01-09 12:47:51'),
(7, '1', 'abhishek', '8', '2019-01-09 12:48:29', '2019-01-09 12:48:29'),
(8, '1', 'bxbxn', '8', '2019-01-09 12:48:54', '2019-01-09 12:48:54'),
(9, '1', 'nfjfj', '8', '2019-01-09 13:01:35', '2019-01-09 13:01:35'),
(10, '8', 'DFDFD', '51', '2019-01-09 13:02:48', '2019-01-09 13:02:48'),
(11, '8', 'DFDF', '51', '2019-01-09 13:02:54', '2019-01-09 13:02:54'),
(12, '6', 'YYYYY', '51', '2019-01-09 13:03:03', '2019-01-09 13:03:03'),
(13, '9', 'TTTTTTTTTTTTTTTTTTTTT', '51', '2019-01-09 13:03:33', '2019-01-09 13:03:33'),
(14, '1', 'jxjxjdjdiriri', '8', '2019-01-09 13:04:24', '2019-01-09 13:04:24'),
(15, '1', 'hello', '8', '2019-01-09 15:54:00', '2019-01-09 15:54:00'),
(16, '1', 'hiiiiiiiii', '8', '2019-01-09 16:05:34', '2019-01-09 16:05:34'),
(17, '1', 'abhishek pathak', '8', '2019-01-09 16:08:32', '2019-01-09 16:08:32'),
(18, '16', 'fdfdf', '51', '2019-01-09 16:33:27', '2019-01-09 16:33:27'),
(19, '25', 'heyyyy', '8', '2019-01-09 17:41:01', '2019-01-09 17:41:01'),
(20, '25', 'hello', '8', '2019-01-09 17:41:20', '2019-01-09 17:41:20'),
(21, '24', 'hiiiii', '8', '2019-01-09 17:42:22', '2019-01-09 17:42:22'),
(22, '26', 'heyyyy', '8', '2019-01-09 18:00:00', '2019-01-09 18:00:00'),
(23, '20', 'helloo', '8', '2019-01-09 18:03:48', '2019-01-09 18:03:48'),
(24, '26', 'geuuu', '8', '2019-01-09 18:04:02', '2019-01-09 18:04:02'),
(25, '26', 'heyy', '8', '2019-01-09 18:18:03', '2019-01-09 18:18:03'),
(26, '20', 'rahul', '8', '2019-01-09 19:25:40', '2019-01-09 19:25:40'),
(27, '20', 'mahi sir hell', '8', '2019-01-09 19:31:02', '2019-01-09 19:31:02'),
(28, '10', 'hiiii', '8', '2019-01-09 19:57:04', '2019-01-09 19:57:04'),
(29, '27', 'heyyyyy', '8', '2019-01-09 19:57:21', '2019-01-09 19:57:21'),
(30, '27', 'hiii', '8', '2019-01-10 10:27:41', '2019-01-10 10:27:41'),
(31, '22', 'akash', '8', '2019-01-10 10:28:01', '2019-01-10 10:28:01'),
(32, '16', 'tjjf', '51', '2019-01-10 14:32:14', '2019-01-10 14:32:14'),
(33, '16', 'iruttuncu', '51', '2019-01-10 14:32:27', '2019-01-10 14:32:27'),
(34, '14', 'ndjfjhfhf', '51', '2019-01-10 14:32:36', '2019-01-10 14:32:36'),
(35, '36', 'hello', '8', '2019-01-10 17:56:05', '2019-01-10 17:56:05'),
(36, '38', 'abhishek', '8', '2019-01-10 18:00:06', '2019-01-10 18:00:06'),
(37, '39', 'heyy', '8', '2019-01-11 10:44:42', '2019-01-11 10:44:42'),
(38, '39', 'hello', '8', '2019-01-11 10:48:34', '2019-01-11 10:48:34'),
(39, '42', 'jxjdjd', '51', '2019-01-11 19:17:57', '2019-01-11 19:17:57'),
(40, '45', 'hey', '27', '2019-01-17 12:08:19', '2019-01-17 12:08:19'),
(41, '42', 'hey', '27', '2019-01-17 12:11:07', '2019-01-17 12:11:07'),
(42, '45', 'hey', '27', '2019-01-17 12:12:36', '2019-01-17 12:12:36'),
(43, '45', 'hey', '27', '2019-01-17 12:12:40', '2019-01-17 12:12:40'),
(44, '34', 'hello', '27', '2019-01-17 12:13:16', '2019-01-17 12:13:16'),
(45, '41', 'hello', '27', '2019-01-17 12:13:34', '2019-01-17 12:13:34'),
(46, '44', 'hello', '27', '2019-01-17 12:13:55', '2019-01-17 12:13:55'),
(47, '46', 'lhhh', '51', '2019-01-24 16:38:26', '2019-01-24 16:38:26'),
(48, '45', 'nxnxj', '51', '2019-01-24 16:38:43', '2019-01-24 16:38:43'),
(49, '56', 'hfhc', '51', '2019-02-04 13:03:05', '2019-02-04 13:03:05'),
(50, '56', 'fggyh', '51', '2019-02-04 13:03:19', '2019-02-04 13:03:19'),
(51, '60', 'jcjjc', '51', '2019-02-23 15:22:25', '2019-02-23 15:22:25');

-- --------------------------------------------------------

--
-- Table structure for table `sessionjoins`
--

CREATE TABLE `sessionjoins` (
  `id` int(11) NOT NULL,
  `filelink` varchar(500) NOT NULL,
  `user_id` varchar(500) NOT NULL,
  `event_id` varchar(500) NOT NULL,
  `created_at` timestamp NOT NULL DEFAULT CURRENT_TIMESTAMP ON UPDATE CURRENT_TIMESTAMP,
  `updated_at` timestamp NOT NULL DEFAULT '0000-00-00 00:00:00'
) ENGINE=MyISAM DEFAULT CHARSET=latin1;

--
-- Dumping data for table `sessionjoins`
--

INSERT INTO `sessionjoins` (`id`, `filelink`, `user_id`, `event_id`, `created_at`, `updated_at`) VALUES
(1, 'http://mobuloustech.com/asecapi/public/admitcard1548421139admitcard.pdf', '51', '1', '2019-01-25 18:28:59', '2019-01-25 18:28:59'),
(2, 'http://mobuloustech.com/asecapi/public/admitcard1548421365admitcard.pdf', '51', '1', '2019-01-25 18:32:45', '2019-01-25 18:32:45'),
(3, 'http://mobuloustech.com/asecapi/public/admitcard/1548949301admitcard.pdf', '51', '1', '2019-01-31 21:11:42', '2019-01-31 21:11:42'),
(4, 'http://mobuloustech.com/asecapi/public/admitcard/1548949793admitcard.pdf', '51', '1', '2019-01-31 21:19:53', '2019-01-31 21:19:53'),
(5, 'http://mobuloustech.com/asecapi/public/admitcard/1548950082admitcard.pdf', '51', '1', '2019-01-31 21:24:42', '2019-01-31 21:24:42'),
(6, 'http://mobuloustech.com/asecapi/public/admitcard/1549279832admitcard.pdf', '51', '1', '2019-02-04 17:00:33', '2019-02-04 17:00:33'),
(7, 'http://mobuloustech.com/asecapi/public/admitcard/1549279851admitcard.pdf', '51', '1', '2019-02-04 17:00:51', '2019-02-04 17:00:51'),
(8, 'http://mobuloustech.com/asecapi/public/admitcard/1549290347admitcard.pdf', '51', '1', '2019-02-04 19:55:47', '2019-02-04 19:55:47'),
(9, 'http://mobuloustech.com/asecapi/public/admitcard/1549516392admitcard.pdf', '51', '1', '2019-02-07 10:43:13', '2019-02-07 10:43:13'),
(10, 'http://mobuloustech.com/asecapi/public/admitcard/1549516423admitcard.pdf', '51', '1', '2019-02-07 10:43:43', '2019-02-07 10:43:43'),
(11, 'http://mobuloustech.com/asecapi/public/admitcard/1549518197admitcard.pdf', '50', '1', '2019-02-07 11:13:17', '2019-02-07 11:13:17'),
(12, 'http://mobuloustech.com/asecapi/public/admitcard/1549518259admitcard.pdf', '50', '1', '2019-02-07 11:14:19', '2019-02-07 11:14:19'),
(13, 'http://mobuloustech.com/asecapi/public/admitcard/1549518869admitcard.pdf', '50', '1', '2019-02-07 11:24:29', '2019-02-07 11:24:29'),
(14, 'http://mobuloustech.com/asecapi/public/admitcard/1549531006admitcard.pdf', '50', '1', '2019-02-07 14:46:46', '2019-02-07 14:46:46'),
(15, 'http://mobuloustech.com/asecapi/public/admitcard/1549543663admitcard.pdf', '51', '1', '2019-02-07 18:17:44', '2019-02-07 18:17:44'),
(16, 'http://mobuloustech.com/asecapi/public/admitcard/1549545332admitcard.pdf', '51', '1', '2019-02-07 18:45:32', '2019-02-07 18:45:32'),
(17, 'http://mobuloustech.com/asecapi/public/admitcard/1549546279admitcard.pdf', '51', '1', '2019-02-07 19:01:20', '2019-02-07 19:01:20'),
(18, 'http://mobuloustech.com/asecapi/public/admitcard/1549546382admitcard.pdf', '51', '1', '2019-02-07 19:03:02', '2019-02-07 19:03:02'),
(19, 'http://mobuloustech.com/asecapi/public/admitcard/1549546485admitcard.pdf', '51', '1', '2019-02-07 19:04:45', '2019-02-07 19:04:45'),
(20, 'http://mobuloustech.com/asecapi/public/admitcard/1549548004admitcard.pdf', '51', '1', '2019-02-07 19:30:04', '2019-02-07 19:30:04'),
(21, 'http://mobuloustech.com/asecapi/public/admitcard/1549606385admitcard.pdf', '50', '1', '2019-02-08 11:43:05', '2019-02-08 11:43:05'),
(22, 'http://mobuloustech.com/asecapi/public/admitcard/1549606385admitcard.pdf', '48', '1', '2019-02-08 11:43:05', '2019-02-08 11:43:05'),
(23, 'http://mobuloustech.com/asecapi/public/admitcard/1549606423admitcard.pdf', '50', '1', '2019-02-08 11:43:43', '2019-02-08 11:43:43'),
(24, 'https://asecenglish.com/asecapi/public/admitcard/1551874285admitcard.pdf', '51', '1', '2019-03-06 17:41:25', '2019-03-06 17:41:25'),
(25, 'http://asecenglish.com/asecapi/public/admitcard/1551874864admitcard.pdf', '51', '1', '2019-03-06 17:51:04', '2019-03-06 17:51:04'),
(26, 'http://asecenglish.com/asecapi/public/admitcard/1551874919admitcard.pdf', '51', '1', '2019-03-06 17:51:59', '2019-03-06 17:51:59'),
(27, 'http://asecenglish.com/asecapi/public/admitcard/1551874952admitcard.pdf', '51', '1', '2019-03-06 17:52:32', '2019-03-06 17:52:32'),
(28, 'http://asecenglish.com/asecapi/public/admitcard/1551875048admitcard.pdf', '51', '1', '2019-03-06 17:54:08', '2019-03-06 17:54:08'),
(29, 'http://asecenglish.com/asecapi/public/admitcard/1551875057admitcard.pdf', '51', '1', '2019-03-06 17:54:17', '2019-03-06 17:54:17'),
(30, 'http://asecenglish.com/asecapi/public/admitcard/1551880107admitcard.pdf', '51', '1', '2019-03-06 19:18:27', '2019-03-06 19:18:27'),
(31, 'http://asecenglish.com/asecapi/public/admitcard/1551880176admitcard.pdf', '51', '1', '2019-03-06 19:19:36', '2019-03-06 19:19:36'),
(32, 'http://asecenglish.com/asecapi/public/admitcard/1551880195admitcard.pdf', '51', '1', '2019-03-06 19:19:55', '2019-03-06 19:19:55'),
(33, 'http://asecenglish.com/asecapi/public/admitcard/1551880202admitcard.pdf', '51', '1', '2019-03-06 19:20:02', '2019-03-06 19:20:02'),
(34, 'http://asecenglish.com/asecapi/public/admitcard/1551880252admitcard.pdf', '51', '1', '2019-03-06 19:20:52', '2019-03-06 19:20:52'),
(35, 'http://asecenglish.com/asecapi/public/admitcard/1551881471admitcard.pdf', '51', '1', '2019-03-06 19:41:11', '2019-03-06 19:41:11'),
(36, 'http://asecenglish.com/asecapi/public/admitcard/1551881580admitcard.pdf', '51', '1', '2019-03-06 19:43:00', '2019-03-06 19:43:00'),
(37, 'https://asecenglish.com/asecapi/public/admitcard/1551958543admitcard.pdf', '51', '1', '2019-03-07 17:05:43', '2019-03-07 17:05:43');

-- --------------------------------------------------------

--
-- Table structure for table `subscriptions`
--

CREATE TABLE `subscriptions` (
  `id` int(11) NOT NULL,
  `title` varchar(500) NOT NULL,
  `price` varchar(500) NOT NULL,
  `description` varchar(500) NOT NULL,
  `live_classes` varchar(500) NOT NULL DEFAULT '0',
  `live_video_on_demand` varchar(500) NOT NULL DEFAULT '0',
  `course_videos` varchar(1000) NOT NULL,
  `weekly_test` varchar(500) NOT NULL DEFAULT '0',
  `validity` varchar(500) NOT NULL,
  `created_at` timestamp NOT NULL DEFAULT CURRENT_TIMESTAMP ON UPDATE CURRENT_TIMESTAMP,
  `updated_at` timestamp NOT NULL DEFAULT '0000-00-00 00:00:00'
) ENGINE=MyISAM DEFAULT CHARSET=latin1;

--
-- Dumping data for table `subscriptions`
--

INSERT INTO `subscriptions` (`id`, `title`, `price`, `description`, `live_classes`, `live_video_on_demand`, `course_videos`, `weekly_test`, `validity`, `created_at`, `updated_at`) VALUES
(1, 'English In Competitions', '3500', 'This course is mainly helpfull for Banking sector students', '1', '1', '1', '1', '30', '2018-12-10 13:39:39', '0000-00-00 00:00:00'),
(2, 'Hindi In Competitions', '5000', 'This course is mainly helpfull for Banking sector students', '1', '1', '1', '1', '30', '2018-12-10 13:39:39', '0000-00-00 00:00:00'),
(8, 'Test Subscriptions', '6000', 'Test Material', '0', '1', 'undefined', '1', '25', '2018-12-11 12:43:45', '0000-00-00 00:00:00');

-- --------------------------------------------------------

--
-- Table structure for table `tests`
--

CREATE TABLE `tests` (
  `id` int(11) NOT NULL,
  `description` varchar(500) NOT NULL,
  `series_name` varchar(500) NOT NULL,
  `num_of_ques` varchar(500) NOT NULL,
  `test_name` varchar(500) NOT NULL,
  `time` varchar(500) NOT NULL DEFAULT '1800000',
  `validity` varchar(500) NOT NULL DEFAULT '18000000',
  `admin_status` varchar(500) NOT NULL,
  `created_at` timestamp NOT NULL DEFAULT CURRENT_TIMESTAMP ON UPDATE CURRENT_TIMESTAMP,
  `updated_at` timestamp NOT NULL DEFAULT '0000-00-00 00:00:00'
) ENGINE=MyISAM DEFAULT CHARSET=latin1;

--
-- Dumping data for table `tests`
--

INSERT INTO `tests` (`id`, `description`, `series_name`, `num_of_ques`, `test_name`, `time`, `validity`, `admin_status`, `created_at`, `updated_at`) VALUES
(1, 'This is a concept-building practice test and may not have exact structure as you would expect in the actual exam. ', 'Mathematics SSC CGL', '5', 'Test 1', '30', '2019-02-08 05:05:05', '1', '2019-02-07 11:20:25', '0000-00-00 00:00:00'),
(2, 'This is a concept-building practice test and may not have exact structure as you would expect in the actual exam. ', 'GENARAL AWARENESS SSC CGL', '5', 'Test 1', '30', '2019-02-08 05:05:05', '1', '2019-02-07 10:58:15', '0000-00-00 00:00:00');

-- --------------------------------------------------------

--
-- Table structure for table `tokens`
--

CREATE TABLE `tokens` (
  `id` int(11) NOT NULL,
  `user_id` varchar(250) NOT NULL,
  `token` varchar(250) NOT NULL,
  `deviceType` enum('ios','android') NOT NULL DEFAULT 'android',
  `deviceToken` varchar(250) NOT NULL DEFAULT '''''',
  `created_at` timestamp NOT NULL DEFAULT CURRENT_TIMESTAMP ON UPDATE CURRENT_TIMESTAMP,
  `updated_at` timestamp NOT NULL DEFAULT '0000-00-00 00:00:00'
) ENGINE=InnoDB DEFAULT CHARSET=latin1;

--
-- Dumping data for table `tokens`
--

INSERT INTO `tokens` (`id`, `user_id`, `token`, `deviceType`, `deviceToken`, `created_at`, `updated_at`) VALUES
(1, '2', 'aVp7UKcIIbJv4OazTTjYAek86', 'android', 'aVp7UKcIIbJv4OazTTjYAek86', '2018-12-03 16:32:34', '0000-00-00 00:00:00'),
(2, '3', 'LKgzCjrVgtKgIl9KioLXxJe2N', 'android', 'sdasdasd', '2018-12-04 06:55:51', '2018-12-04 12:25:51'),
(3, '4', 'ynffquhwwFnhDxEY6bpZyZDaK', 'android', '123654454', '2018-12-04 14:25:55', '2018-12-04 14:25:55'),
(4, '5', 'eQhbbD0wx7UR1EQriTs7hFDoq', 'android', 'cZYlgrcrG9k:APA91bEphM4UaAkwPU5_YQfILN_Qzf__avcfNOQubdvutj_woLiGL0mMlfw2wzq-3Gbp5C7uVRMLd-qDckz9k1vbOHqdzLyQLwCmLFESN5EQJQtmYdJxiCY4dyyleCULSa5Xv43Y_Yie', '2018-12-11 09:32:17', '2018-12-11 15:02:17'),
(5, '6', 'Cc2d60Ar6Gg0Ktj7k6kICZmyz', 'android', 'dA2_ioxMgA8:APA91bGWexZnPv9TdWQgq499cr7sohg0Vd4_Z6AYtyQ7wMwlQkKATj_jcqCEJuRR7rvHiLHPTp6ddTls0SAn4j1qwYTXnjLpSPCsbUT11L-5OuOluRnWvL0MOC1VHguwmXVGt7nevHkI', '2018-12-12 09:49:25', '2018-12-12 15:19:25'),
(6, '8', '27p9jzuwfqnNcQq0oYVwijDNn', 'android', 'eJO-MxZxNgc:APA91bHa9dgQNkrRi9BunPIljBQFeZoypaqpQUa6uf-eaCcp7Of7G-eVH0mtI72bjNM8NrdI91FhLTDy31nrInQ0sxma89ylUL0AVUYhKUafe3_d47VYCW0MC9HcmVKt4RIT4utQlM5j', '2019-02-07 11:22:30', '2019-02-07 16:52:30'),
(7, '9', 'cuHcNqQkS0JF8ssuqegX8evtx', 'android', 'fqep2eeiMPE:APA91bEPwcy3AbOXExGnOPaDbauoT6Tn0uSuMHULlj-5p_vq5XQt65HwNFzR9qvvhz5p6YFwT6Bnj6soDLFi6iulbaUvH4yfk3D-H7oPfo4lkj4hWNbAWhcETro9oL9lM01ayzLhqSoW', '2018-12-06 13:06:03', '2018-12-06 13:06:03'),
(8, '10', 'w7D13FWQMH0QKquZ11chaiMsQ', 'android', 'cLA4TznImF4:APA91bFWCDQ9E3vwM5FPLBLclrFMvk8pH-cOy0jd9zkZ780bdIMmobAUt48Zk7Y6ruVdSzkY2aJz27ItSXXbgWZYUVwNmcNG8hJxe-Adfv1SUNupcEVjaft5HEwJCtVvcgAEHtjUlb_9', '2018-12-17 06:38:46', '2018-12-17 12:08:46'),
(9, '11', '6ruvw5pXLcOqvrdw8KHetecxj', 'ios', 'Simulaterwalatokenbb55d44bfc4492bd33aac79afeaee474e92c12138e18b021e2326', '2018-12-11 13:25:58', '2018-12-11 18:55:58'),
(10, '12', 'CHVECMDPbKDWneXSBy8LKDiJd', 'ios', 'deviceToken', '2018-12-10 19:19:52', '2018-12-10 19:19:52'),
(11, '13', 'AmAZg7AZN4G8hWbwpjwoosDMw', 'ios', 'deviceToken', '2018-12-10 13:55:54', '2018-12-10 19:25:54'),
(12, '14', 'YhdfFIsINFj2yzXYlli8avNx5', 'android', 'mLU8BEWApTfs7VFIKuVdonWkp', '2018-12-10 19:30:35', '2018-12-10 19:30:35'),
(13, '15', '4V9g3qITqkjjgwFbMleZYMS6f', 'android', 'LKgzCjrVgtKgIl9KioLXxJe2N', '2018-12-10 14:13:40', '2018-12-10 19:43:40'),
(14, '16', 'JvGXnF8P3mjnhpYlBn23lQCVN', 'ios', 'deviceToken', '2018-12-10 19:47:41', '2018-12-10 19:47:41'),
(15, '17', 'JqjzgKKhzvUfuFvHgPkxEU4pv', 'ios', 'deviceToken', '2018-12-10 19:48:37', '2018-12-10 19:48:37'),
(16, '18', 'Nu6BGKyZ363HZSiZwJb96O0g3', 'ios', 'deviceToken', '2018-12-10 19:49:47', '2018-12-10 19:49:47'),
(17, '19', 'xmnbTQyWzZeDNfIKu380C6Q5Z', 'ios', 'deviceToken', '2018-12-10 19:51:03', '2018-12-10 19:51:03'),
(18, '20', 'clXGZ4ShA9fTOcllSbUtjaEZf', 'ios', 'deviceToken', '2018-12-10 19:56:20', '2018-12-10 19:56:20'),
(19, '21', 'zykZ0NaVpEH4OjMzCnYAQwV2d', 'android', 'd_y2oGrg5Ck:APA91bGwdBkhmt3wtB5I1c2zOY7VPzSy7suMiC5iPuEhBI4svJ1lGTMEmz71ZCbl_7-pBWl0Ouw-7TvPzdRSX0zqn7UTG7C_x8MvZFYTi-V0gCoWcc-N-KuaTMoZe0GI9to3E3VNwNcU', '2019-01-21 11:30:02', '2019-01-21 17:00:02'),
(20, '22', 'F1SdqmMblZZOZlMOkbo2jXtBs', 'ios', 'deviceToken', '2018-12-11 10:30:31', '2018-12-11 10:30:31'),
(21, '23', 'AtE85kXgezaeIeDtZ7maNIIaF', 'ios', 'deviceToken', '2018-12-11 10:32:36', '2018-12-11 10:32:36'),
(22, '24', 'TtZ2vI4zBw3nHagEeQGdOLxaJ', 'ios', 'deviceToken', '2018-12-11 08:05:24', '2018-12-11 13:35:24'),
(23, '25', 'mcjB3LkpeE0Ql7NWJiDqKMnjG', 'ios', 'deviceToken', '2018-12-11 11:27:50', '2018-12-11 11:27:50'),
(24, '26', 'KtnlKJG8GmMWEelcEvHIq1JHK', 'ios', 'deviceToken', '2018-12-11 09:29:15', '2018-12-11 14:59:15'),
(25, '27', 'cMjWXrLtOqPXasYgjLFfoE4c4', 'android', 'ci17qpCdOr0:APA91bHIS2RH8W1OJages50c9nScOL9OMsbqystYshb5MWKskk5zNfjDQemTg5gF0_V_wzNfGhAlUO-dZP69pAECOBOu7h5PRfZV_8Z43g1ZZI98q1fjktIebWtGRhar0I1wr5rJR8uX', '2019-01-17 07:25:50', '2019-01-17 12:55:50'),
(26, '28', 'TnKiwDYZk4nboFpREcNs6gKju', 'ios', 'deviceToken', '2018-12-11 15:12:26', '2018-12-11 15:12:26'),
(27, '29', 'TB7AqVPSpaM2iTkYnnf3qfWBs', 'ios', 'deviceToken', '2018-12-11 15:21:05', '2018-12-11 15:21:05'),
(28, '30', '6f4FYRCG1DxVrShYYhTTzhivI', 'ios', 'deviceToken', '2018-12-11 15:27:23', '2018-12-11 15:27:23'),
(29, '31', 'baPccyJRHJInLW5I7vhw4GtZx', 'android', 'c9He1It6a_k:APA91bFAtzhVhHCaMZb_9irmr4z09Xi0V_7LHlFWTliy5aB69hEdOs6FnyhWE1vZisxFVu0Bl0VeiW3-4qVcKlUuRz1EcoX1dl_ptLvMMO5oYwOX-OYO7wB3BHYxM8Wekhv4eG6uRZBU', '2018-12-11 15:28:48', '2018-12-11 15:28:48'),
(30, '32', 'zHSXsQGfcagiq1J6h9c3c1G1q', 'ios', 'deviceToken', '2018-12-11 15:29:40', '2018-12-11 15:29:40'),
(31, '33', 'diQXVXbVKyHHI0Ca6DNpHisUX', 'ios', 'deviceToken', '2018-12-11 15:31:04', '2018-12-11 15:31:04'),
(32, '34', 'u8rndynnfMvMJW5k8hN0UsW4I', 'ios', 'deviceToken', '2018-12-11 15:33:15', '2018-12-11 15:33:15'),
(33, '35', 'b8aJ5GLvPLC2k6IvQfR0MaGgd', 'ios', 'deviceToken', '2018-12-11 16:00:27', '2018-12-11 16:00:27'),
(34, '36', 'DqB0Usc1nMJ3TEh5pnbCxnONA', 'ios', 'deviceToken', '2018-12-11 16:21:13', '2018-12-11 16:21:13'),
(35, '37', 'i2DTFwLiTkMpJlftpPGwZNVhj', 'ios', 'Simulaterwalatokenbb55d44bfc4492bd33aac79afeaee474e92c12138e18b021e2326', '2018-12-11 16:22:41', '2018-12-11 16:22:41'),
(36, '38', 'fikZQ5uIFFz8HU5Hy6jM3LGJX', 'ios', 'deviceToken', '2018-12-11 16:29:50', '2018-12-11 16:29:50'),
(37, '39', 'tv6GFgAcE56jBXgdEMwn0pQet', 'ios', 'Simulaterwalatokenbb55d44bfc4492bd33aac79afeaee474e92c12138e18b021e2326', '2018-12-11 16:32:53', '2018-12-11 16:32:53'),
(38, '40', 'k0omqay3BPdeA2gm0vRcPZAXe', 'ios', 'Simulaterwalatokenbb55d44bfc4492bd33aac79afeaee474e92c12138e18b021e2326', '2018-12-11 11:12:56', '2018-12-11 16:42:56'),
(39, '41', 'QieIOKJvqxLMGU1IyI8E9F9xb', 'ios', 'cf5c76105a952d6bee0ad66e6b21fa0c463e0dbb5e55b25b282192abf8e8f6d9', '2018-12-12 11:41:49', '2018-12-12 17:11:49'),
(40, '42', 'pPN7GNTjgRG8XF59rCNbQcwdJ', 'ios', 'Simulaterwalatokenbb55d44bfc4492bd33aac79afeaee474e92c12138e18b021e2326', '2018-12-11 16:45:07', '2018-12-11 16:45:07'),
(41, '43', 'SDPLkr6AYGheM1dwbus7dlzN1', 'android', 'sdasdasd', '2018-12-11 11:23:07', '2018-12-11 16:53:07'),
(42, '44', 'Gdxo1lM0OHFAjTEI3q88OLMO9', 'ios', 'deviceToken', '2018-12-12 04:54:54', '2018-12-12 10:24:54'),
(43, '45', 'NcWfWp47bzMCXfMSG8L3YO7nL', 'android', 'eseXb92L-QE:APA91bGeoy2Iw41gtPhLroS2N_KjYJAuqNh3iEeTeEZ7xasn0SVvq9PTkBYNTgGfPF_4MQ3afzZT2aQGuo-S77eh5D0YJHU54CR1EJcsPigc8eeu2Pw_cX_gKVMFP5c5SrKTDwlQRlvn', '2018-12-12 10:18:33', '2018-12-12 15:48:33'),
(44, '46', 'lPSJgLbjqodMvnaTJCS3XKWLb', 'android', 'dQDvUMEYMWw:APA91bEzMCsqEaYR1ArgkgeVXmSMi07GJz2x_FyHBEC8m6Fncr1h_9O-u_cS3ru0L3sVHTI65juWaE2PupI9SAmEWiMWcqjIUm2vVodnuUtcrlWTxc-4BDqkaq5IzPVEMrSBapDQgW3e', '2018-12-11 18:15:50', '2018-12-11 18:15:50'),
(45, '47', 'HSZBkJU6zDWjUV467HsD3mPdX', 'ios', 'Simulaterwalatokenbb55d44bfc4492bd33aac79afeaee474e92c12138e18b021e2326', '2018-12-11 18:48:07', '2018-12-11 18:48:07'),
(46, '48', 'sYzzT1ax0BcNbU9Lh5dFytZdV', 'android', 'f5SeqLoDyJc:APA91bHM8TtULtYVgRudd9v7jOEWTbExZa4lkeCOn4rPLbmipBD28IrHOBsLOORgGhOAqqA68g-47fJgOSvl5h7AF8lMG012bIc8FPx1bKHvJ9Ph09gxA_jnebzKRyI26GNImtp_kXcR', '2019-02-08 06:07:54', '2019-02-08 11:37:54'),
(47, '49', '1U9KLykJvMFpLcdmjAcK4nOF0', 'ios', 'deviceToken', '2018-12-12 10:26:53', '2018-12-12 10:26:53'),
(48, '50', 'XKySEzjGvJ428hB9TAsD5AHyi', 'android', 'dwiGvRtENGU:APA91bHJ0Ye8mcO0Q8Zvdw2AzXM2J_k7KOsN3rJar7CxLuHrP8zLZWM3ua-OOBoUdgqDjW5YuOcyZ41hRGo-jPhl6P-AyfQkclQ7H6bJfP0QELrLY3CT8ikPr_itq-1KM-vwHfdf18r8', '2019-03-07 05:29:48', '2019-03-07 10:59:48'),
(49, '51', 'POUPOzATjfL4mO1smcsNVpbZ1', 'android', 'efnCjjNVbMQ:APA91bGuvDALB_Q44rpJKJozoxppEZCRrIqkoRbwXX0FcnBz-i94Y9FmK870su92q6dCyzFdWmHMxJ1RwZCQgGBMpOa2Su4LNI2arM3DTvHehKtqZDa1SMFgGEDT74bUQWfyuCrNtozJ', '2019-03-07 06:18:53', '2019-03-07 11:48:53');

-- --------------------------------------------------------

--
-- Table structure for table `uplv`
--

CREATE TABLE `uplv` (
  `id` int(11) NOT NULL,
  `video` varchar(500) NOT NULL,
  `thumb` varchar(500) DEFAULT NULL,
  `course_id` varchar(500) NOT NULL,
  `title` varchar(500) NOT NULL,
  `description` varchar(500) NOT NULL,
  `datetimestart` varchar(500) DEFAULT NULL,
  `created_at` timestamp NULL DEFAULT NULL,
  `updated_at` timestamp NULL DEFAULT NULL
) ENGINE=InnoDB DEFAULT CHARSET=latin1;

--
-- Dumping data for table `uplv`
--

INSERT INTO `uplv` (`id`, `video`, `thumb`, `course_id`, `title`, `description`, `datetimestart`, `created_at`, `updated_at`) VALUES
(1, 'mediastoressl://vmknb73hb3roqj.data.mediastore.us-east-1.amazonaws.com/11551704449996.m3u8', NULL, '1', 'First live video1', 'hsafda aghsfdhfasd fsadhasf', NULL, NULL, NULL),
(2, 'mediastoressl://vmknb73hb3roqj.data.mediastore.us-east-1.amazonaws.com/11551714553227.m3u8', NULL, '1', 'First live video1', 'hsafda aghsfdhfasd fsadhasf', ' ', NULL, NULL),
(3, 'mediastoressl://vmknb73hb3roqj.data.mediastore.us-east-1.amazonaws.com/11551714734202.m3u8', NULL, '1', 'First live video1', 'hsafda aghsfdhfasd fsadhasf', ' ', NULL, NULL),
(4, 'mediastoressl://vmknb73hb3roqj.data.mediastore.us-east-1.amazonaws.com/11551714944235.m3u8', NULL, '1', 'First live video1', 'hsafda aghsfdhfasd fsadhasf', ' ', NULL, NULL),
(5, 'mediastoressl://vmknb73hb3roqj.data.mediastore.us-east-1.amazonaws.com/11551715055395.m3u8', NULL, '1', 'First live video1', 'hsafda aghsfdhfasd fsadhasf', ' ', NULL, NULL),
(6, 'mediastoressl://vmknb73hb3roqj.data.mediastore.us-east-1.amazonaws.com/11551715189653.m3u8', NULL, '1', 'First live video1', 'hsafda aghsfdhfasd fsadhasf', ' ', NULL, NULL);

-- --------------------------------------------------------

--
-- Table structure for table `users`
--

CREATE TABLE `users` (
  `id` int(11) NOT NULL,
  `fullname` varchar(500) NOT NULL,
  `email` varchar(500) NOT NULL,
  `phone` varchar(500) NOT NULL,
  `dob` varchar(500) DEFAULT NULL,
  `password` varchar(500) NOT NULL,
  `address` varchar(500) DEFAULT NULL,
  `admin_status` varchar(500) NOT NULL DEFAULT '1',
  `notify_status` varchar(500) NOT NULL DEFAULT '1',
  `image` varchar(500) DEFAULT NULL,
  `identicard` varchar(500) DEFAULT 'na',
  `created_at` timestamp NOT NULL DEFAULT CURRENT_TIMESTAMP ON UPDATE CURRENT_TIMESTAMP,
  `updated_at` timestamp NOT NULL DEFAULT '0000-00-00 00:00:00'
) ENGINE=MyISAM DEFAULT CHARSET=latin1;

--
-- Dumping data for table `users`
--

INSERT INTO `users` (`id`, `fullname`, `email`, `phone`, `dob`, `password`, `address`, `admin_status`, `notify_status`, `image`, `identicard`, `created_at`, `updated_at`) VALUES
(3, 'ram', 'pratap@gmail.com', '7788779955', '18/2/1995', '12345678', 'noida', '1', '1', '/users-photos/96a69bf8f29a21e.jpg', 'http://mobuloustech.com/asecapi/public/admitcard/1548658810identicard.pdf', '2019-01-31 09:31:17', '2019-01-28 12:30:11'),
(25, 'asasasa', 'dd@dd.com', '87658567566', NULL, '12345678', '', '1', '1', '', 'na', '2018-12-11 11:27:50', '2018-12-11 11:27:50'),
(5, 'gff', 'testmobulous@gmail.com', '56846', NULL, '74698260', '', '1', '1', '', 'na', '2018-12-06 14:37:02', '2018-12-06 20:07:02'),
(7, 'mahipal', 'mahipal12@gmail.com', '8826389822', NULL, '1234567', '', '1', '1', '', 'na', '2018-12-05 17:02:37', '2018-12-05 17:02:37'),
(8, 'abhishek', 'abhi7469@outlook.com', '9873529969', '30/07/2017', '123456', 'Noida Sector 63', '1', '1', '/users-photos/62686b704d97663.jpg', 'na', '2019-02-05 08:08:30', '2019-02-05 13:38:30'),
(9, 'abhishek', 'pathak7469@outlook.com', '9873529969', NULL, '123456', '', '1', '1', '', 'na', '2018-12-06 13:06:03', '2018-12-06 13:06:03'),
(10, 'praveen', 'praveen7469@gmail.com', '9897008785', NULL, '123456', '', '1', '1', '', 'na', '2018-12-06 17:17:31', '2018-12-06 17:17:31'),
(51, 'mahi singh', 'mahisingh11191@gmail.com', '8826389838', '1/1/1991', '1234567', 'tfg', '1', '1', '/users-photos/5b1802c07268a20.jpg', 'na', '2019-01-24 09:50:28', '2019-01-24 15:20:28'),
(11, 'sits', 'rimi@gmail.com', '7017749975', NULL, '1234567', 'MUMBAI', '1', '1', '', 'na', '2018-12-11 13:21:41', '2018-12-11 18:51:41'),
(12, 'Ayush@123', 'aa@gmail.com', '3242342343', NULL, 'Ayush@123', '', '1', '1', '', 'na', '2018-12-10 19:19:52', '2018-12-10 19:19:52'),
(13, '12345678', 'abc@gmail.com', '2424234324', NULL, '12345678', '', '1', '1', '', 'na', '2018-12-10 19:25:36', '2018-12-10 19:25:36'),
(14, 'abhiashe', 'aksha768@gmail.com', '9873529969', NULL, '123456', '', '1', '1', '', 'na', '2018-12-10 19:30:35', '2018-12-10 19:30:35'),
(15, 'abhishek', 'pathak123456@gmail.com', '9873529969', NULL, '123456', '', '1', '1', '', 'na', '2018-12-10 19:33:50', '2018-12-10 19:33:50'),
(27, 'Nikhil', 'nikhil.ahluwalia@mobulous.com', '9990180348', '18/2/1995', 'qwertyu', 'noida', '1', '1', '/users-photos/32654c710757fe3.jpg', 'na', '2019-01-17 06:46:24', '2019-01-17 12:16:24'),
(17, '12345678', 'asd@gmail.com', '2324234234', NULL, '12345678', '', '1', '1', '', 'na', '2018-12-10 19:48:37', '2018-12-10 19:48:37'),
(18, '12345678', 'aa@aa.com', '3424234234', NULL, '12345678', '', '1', '1', '', 'na', '2018-12-10 19:49:47', '2018-12-10 19:49:47'),
(19, '12345678', 'aas@gmail.com', '434234234', NULL, '12345678', '', '1', '1', '', 'na', '2018-12-10 19:51:03', '2018-12-10 19:51:03'),
(24, 'qqhhh', 'qq@qq.comh', '8168021856', NULL, '12345678', 'hsjdahsajdajdasbdsahh', '1', '1', '/users-photos/eac546e7a7ca5cb.jpg', 'na', '2018-12-11 08:05:57', '2018-12-11 13:35:57'),
(21, 'qwerty', 'dsp@g.com', '8800720592', NULL, 'qwerty', '', '1', '1', '', 'na', '2018-12-10 20:00:48', '2018-12-10 20:00:48'),
(26, 'ayush', 'tt@tt.com', '81626287687', NULL, '12345678', '', '1', '1', '', 'na', '2018-12-11 14:31:20', '2018-12-11 14:31:20'),
(28, 'll', 'll@ll.com', '6378267323', NULL, '12345678', '', '1', '1', '', 'na', '2018-12-11 15:12:26', '2018-12-11 15:12:26'),
(29, 'user', 'kk@kk.com', '2123214243', NULL, '12345678', '', '1', '1', '', 'na', '2018-12-11 15:21:05', '2018-12-11 15:21:05'),
(30, 'user', 'ii@ii.com', '234234234234', NULL, '12345678', '', '1', '1', '', 'na', '2018-12-11 15:27:23', '2018-12-11 15:27:23'),
(31, 'abhishek', 'test123@gmail.com', '9873529969', NULL, '123456', '', '1', '1', '', 'na', '2018-12-11 15:28:48', '2018-12-11 15:28:48'),
(32, 'untitled', 'gg@gg.com', '656464646', NULL, '12345678', '', '1', '1', '', 'na', '2018-12-11 15:29:40', '2018-12-11 15:29:40'),
(33, 'dkjasdas', 'bb@bb.com', '31232341321', NULL, '12345678', '', '1', '1', '', 'na', '2018-12-11 15:31:04', '2018-12-11 15:31:04'),
(34, 'ewrewr', 'oo@oo.com', '323123156564', NULL, '12345678', '', '1', '1', '', 'na', '2018-12-11 15:33:15', '2018-12-11 15:33:15'),
(35, 'dhfhsdf', 'mm@mm.com', '2324234242', NULL, '12345678', '', '1', '1', '', 'na', '2018-12-11 16:00:27', '2018-12-11 16:00:27'),
(36, 'user', 'hh@hh.com', '2312312311', NULL, '12345678', '', '1', '1', '', 'na', '2018-12-11 16:21:13', '2018-12-11 16:21:13'),
(37, 'priyanka', 'priyanka.mathur@mobulous.com', '7017749975', NULL, '1234567', '', '1', '1', '', 'na', '2018-12-11 16:22:41', '2018-12-11 16:22:41'),
(38, 'cccsd', 'cc@cc.com', '42342344', NULL, '12345678', '', '1', '1', '', 'na', '2018-12-11 16:29:50', '2018-12-11 16:29:50'),
(39, 'khushi', 'jack@g.com', '7017749975', NULL, '1234567', '', '1', '1', '', 'na', '2018-12-11 16:32:53', '2018-12-11 16:32:53'),
(40, 'aman', 'jackshukla@g.com', '8445577995', NULL, '1234567', '', '1', '1', '', 'na', '2018-12-11 16:42:23', '2018-12-11 16:42:23'),
(41, 'aa', 'kjs@dsjd.com', '12345678', NULL, '12345678', 'ghgjgjgjgjgjgjgjgjgjgj', '1', '1', '/users-photos/a0e8cd9271a3a70.jpg', 'na', '2018-12-14 13:33:41', '2018-12-14 19:03:41'),
(42, 'khsushi', 'priya@gmail.com', '9568829942', NULL, '1234567', '', '1', '1', '', 'na', '2018-12-11 16:45:07', '2018-12-11 16:45:07'),
(43, 'sinni', 'sini@gmail.com', '0987654321', NULL, '1234567', '', '1', '1', '', 'na', '2018-12-11 16:46:40', '2018-12-11 16:46:40'),
(44, 'hfghhf', 'ewqeq@vncc.com', '234567891234', NULL, '12345678', '', '1', '1', '', 'na', '2018-12-11 16:57:20', '2018-12-11 16:57:20'),
(46, 'Nikhil Ahluwalia', 'nikhil@g.com', '9986036617', NULL, 'qwertyu', '', '1', '1', '', 'na', '2018-12-11 18:15:50', '2018-12-11 18:15:50'),
(47, 'priyanka', '1@gmail.com', '987654032', NULL, '1234567', '', '1', '1', '', 'na', '2018-12-11 18:48:07', '2018-12-11 18:48:07'),
(48, 'Ankul Singh', 'ankulsir@gmail.com', '9999538415', '7/5/1985', 'YouKnowIt', 'Mukherjee Nagar, Delhi', '1', '1', '/users-photos/10e1dc03a87628d.jpg', 'na', '2019-01-13 07:01:36', '2019-01-13 12:31:36'),
(49, 'bvcbcvb', 'rewr@d.com', '123456781', NULL, '12345678', '', '1', '1', '', 'na', '2018-12-12 10:26:53', '2018-12-12 10:26:53'),
(50, 'Mk durrani', 'Khursheeddurran@gmail.com', '9313275910', NULL, 'ridaridarida', '', '0', '1', '', 'na', '2019-02-08 06:16:53', '2019-02-08 11:46:53');

--
-- Indexes for dumped tables
--

--
-- Indexes for table `admin`
--
ALTER TABLE `admin`
  ADD PRIMARY KEY (`id`);

--
-- Indexes for table `assignments`
--
ALTER TABLE `assignments`
  ADD PRIMARY KEY (`id`);

--
-- Indexes for table `attempts`
--
ALTER TABLE `attempts`
  ADD PRIMARY KEY (`id`);

--
-- Indexes for table `banners`
--
ALTER TABLE `banners`
  ADD PRIMARY KEY (`id`);

--
-- Indexes for table `bookorders`
--
ALTER TABLE `bookorders`
  ADD PRIMARY KEY (`id`);

--
-- Indexes for table `books`
--
ALTER TABLE `books`
  ADD PRIMARY KEY (`id`);

--
-- Indexes for table `contents`
--
ALTER TABLE `contents`
  ADD PRIMARY KEY (`id`);

--
-- Indexes for table `coursemodules`
--
ALTER TABLE `coursemodules`
  ADD PRIMARY KEY (`id`);

--
-- Indexes for table `cupons`
--
ALTER TABLE `cupons`
  ADD PRIMARY KEY (`id`);

--
-- Indexes for table `demopayments`
--
ALTER TABLE `demopayments`
  ADD PRIMARY KEY (`id`);

--
-- Indexes for table `discussionjoins`
--
ALTER TABLE `discussionjoins`
  ADD PRIMARY KEY (`id`);

--
-- Indexes for table `doubts`
--
ALTER TABLE `doubts`
  ADD PRIMARY KEY (`id`);

--
-- Indexes for table `faqs`
--
ALTER TABLE `faqs`
  ADD PRIMARY KEY (`id`);

--
-- Indexes for table `forumtopiccomments`
--
ALTER TABLE `forumtopiccomments`
  ADD PRIMARY KEY (`id`);

--
-- Indexes for table `forumtopics`
--
ALTER TABLE `forumtopics`
  ADD PRIMARY KEY (`id`);

--
-- Indexes for table `forumvideos`
--
ALTER TABLE `forumvideos`
  ADD PRIMARY KEY (`id`);

--
-- Indexes for table `freecourses`
--
ALTER TABLE `freecourses`
  ADD PRIMARY KEY (`id`);

--
-- Indexes for table `helps`
--
ALTER TABLE `helps`
  ADD PRIMARY KEY (`id`);

--
-- Indexes for table `livestreaming`
--
ALTER TABLE `livestreaming`
  ADD PRIMARY KEY (`id`);

--
-- Indexes for table `manageattempts`
--
ALTER TABLE `manageattempts`
  ADD PRIMARY KEY (`id`);

--
-- Indexes for table `mycourses`
--
ALTER TABLE `mycourses`
  ADD PRIMARY KEY (`id`);

--
-- Indexes for table `notifications`
--
ALTER TABLE `notifications`
  ADD PRIMARY KEY (`id`);

--
-- Indexes for table `paidcourses`
--
ALTER TABLE `paidcourses`
  ADD PRIMARY KEY (`id`);

--
-- Indexes for table `payments`
--
ALTER TABLE `payments`
  ADD PRIMARY KEY (`id`);

--
-- Indexes for table `players`
--
ALTER TABLE `players`
  ADD PRIMARY KEY (`id`);

--
-- Indexes for table `questions`
--
ALTER TABLE `questions`
  ADD PRIMARY KEY (`id`);

--
-- Indexes for table `replies`
--
ALTER TABLE `replies`
  ADD PRIMARY KEY (`id`);

--
-- Indexes for table `sessionjoins`
--
ALTER TABLE `sessionjoins`
  ADD PRIMARY KEY (`id`);

--
-- Indexes for table `subscriptions`
--
ALTER TABLE `subscriptions`
  ADD PRIMARY KEY (`id`);

--
-- Indexes for table `tests`
--
ALTER TABLE `tests`
  ADD PRIMARY KEY (`id`);

--
-- Indexes for table `tokens`
--
ALTER TABLE `tokens`
  ADD PRIMARY KEY (`id`);

--
-- Indexes for table `uplv`
--
ALTER TABLE `uplv`
  ADD PRIMARY KEY (`id`);

--
-- Indexes for table `users`
--
ALTER TABLE `users`
  ADD PRIMARY KEY (`id`);

--
-- AUTO_INCREMENT for dumped tables
--

--
-- AUTO_INCREMENT for table `admin`
--
ALTER TABLE `admin`
  MODIFY `id` int(11) NOT NULL AUTO_INCREMENT, AUTO_INCREMENT=2;
--
-- AUTO_INCREMENT for table `assignments`
--
ALTER TABLE `assignments`
  MODIFY `id` int(11) NOT NULL AUTO_INCREMENT, AUTO_INCREMENT=3;
--
-- AUTO_INCREMENT for table `attempts`
--
ALTER TABLE `attempts`
  MODIFY `id` int(11) NOT NULL AUTO_INCREMENT, AUTO_INCREMENT=1004;
--
-- AUTO_INCREMENT for table `banners`
--
ALTER TABLE `banners`
  MODIFY `id` int(11) NOT NULL AUTO_INCREMENT, AUTO_INCREMENT=13;
--
-- AUTO_INCREMENT for table `bookorders`
--
ALTER TABLE `bookorders`
  MODIFY `id` int(11) NOT NULL AUTO_INCREMENT, AUTO_INCREMENT=29;
--
-- AUTO_INCREMENT for table `books`
--
ALTER TABLE `books`
  MODIFY `id` int(11) NOT NULL AUTO_INCREMENT, AUTO_INCREMENT=6;
--
-- AUTO_INCREMENT for table `contents`
--
ALTER TABLE `contents`
  MODIFY `id` int(11) NOT NULL AUTO_INCREMENT, AUTO_INCREMENT=3;
--
-- AUTO_INCREMENT for table `coursemodules`
--
ALTER TABLE `coursemodules`
  MODIFY `id` int(11) NOT NULL AUTO_INCREMENT, AUTO_INCREMENT=94;
--
-- AUTO_INCREMENT for table `cupons`
--
ALTER TABLE `cupons`
  MODIFY `id` int(11) NOT NULL AUTO_INCREMENT, AUTO_INCREMENT=6;
--
-- AUTO_INCREMENT for table `demopayments`
--
ALTER TABLE `demopayments`
  MODIFY `id` int(11) NOT NULL AUTO_INCREMENT, AUTO_INCREMENT=6;
--
-- AUTO_INCREMENT for table `discussionjoins`
--
ALTER TABLE `discussionjoins`
  MODIFY `id` int(11) NOT NULL AUTO_INCREMENT, AUTO_INCREMENT=6;
--
-- AUTO_INCREMENT for table `doubts`
--
ALTER TABLE `doubts`
  MODIFY `id` int(11) NOT NULL AUTO_INCREMENT, AUTO_INCREMENT=3;
--
-- AUTO_INCREMENT for table `faqs`
--
ALTER TABLE `faqs`
  MODIFY `id` int(11) NOT NULL AUTO_INCREMENT, AUTO_INCREMENT=4;
--
-- AUTO_INCREMENT for table `forumtopiccomments`
--
ALTER TABLE `forumtopiccomments`
  MODIFY `id` int(11) NOT NULL AUTO_INCREMENT, AUTO_INCREMENT=66;
--
-- AUTO_INCREMENT for table `forumtopics`
--
ALTER TABLE `forumtopics`
  MODIFY `id` int(11) NOT NULL AUTO_INCREMENT, AUTO_INCREMENT=5;
--
-- AUTO_INCREMENT for table `forumvideos`
--
ALTER TABLE `forumvideos`
  MODIFY `id` int(11) NOT NULL AUTO_INCREMENT, AUTO_INCREMENT=4;
--
-- AUTO_INCREMENT for table `freecourses`
--
ALTER TABLE `freecourses`
  MODIFY `id` int(11) NOT NULL AUTO_INCREMENT, AUTO_INCREMENT=17;
--
-- AUTO_INCREMENT for table `helps`
--
ALTER TABLE `helps`
  MODIFY `id` int(11) NOT NULL AUTO_INCREMENT, AUTO_INCREMENT=4;
--
-- AUTO_INCREMENT for table `livestreaming`
--
ALTER TABLE `livestreaming`
  MODIFY `id` int(11) NOT NULL AUTO_INCREMENT, AUTO_INCREMENT=3;
--
-- AUTO_INCREMENT for table `manageattempts`
--
ALTER TABLE `manageattempts`
  MODIFY `id` int(11) NOT NULL AUTO_INCREMENT, AUTO_INCREMENT=285;
--
-- AUTO_INCREMENT for table `mycourses`
--
ALTER TABLE `mycourses`
  MODIFY `id` int(11) NOT NULL AUTO_INCREMENT, AUTO_INCREMENT=18;
--
-- AUTO_INCREMENT for table `notifications`
--
ALTER TABLE `notifications`
  MODIFY `id` int(11) NOT NULL AUTO_INCREMENT, AUTO_INCREMENT=149;
--
-- AUTO_INCREMENT for table `paidcourses`
--
ALTER TABLE `paidcourses`
  MODIFY `id` int(11) NOT NULL AUTO_INCREMENT, AUTO_INCREMENT=67;
--
-- AUTO_INCREMENT for table `payments`
--
ALTER TABLE `payments`
  MODIFY `id` int(11) NOT NULL AUTO_INCREMENT, AUTO_INCREMENT=76;
--
-- AUTO_INCREMENT for table `players`
--
ALTER TABLE `players`
  MODIFY `id` int(5) NOT NULL AUTO_INCREMENT, AUTO_INCREMENT=5;
--
-- AUTO_INCREMENT for table `questions`
--
ALTER TABLE `questions`
  MODIFY `id` int(11) NOT NULL AUTO_INCREMENT, AUTO_INCREMENT=14;
--
-- AUTO_INCREMENT for table `replies`
--
ALTER TABLE `replies`
  MODIFY `id` int(11) NOT NULL AUTO_INCREMENT, AUTO_INCREMENT=52;
--
-- AUTO_INCREMENT for table `sessionjoins`
--
ALTER TABLE `sessionjoins`
  MODIFY `id` int(11) NOT NULL AUTO_INCREMENT, AUTO_INCREMENT=38;
--
-- AUTO_INCREMENT for table `subscriptions`
--
ALTER TABLE `subscriptions`
  MODIFY `id` int(11) NOT NULL AUTO_INCREMENT, AUTO_INCREMENT=9;
--
-- AUTO_INCREMENT for table `tests`
--
ALTER TABLE `tests`
  MODIFY `id` int(11) NOT NULL AUTO_INCREMENT, AUTO_INCREMENT=6;
--
-- AUTO_INCREMENT for table `tokens`
--
ALTER TABLE `tokens`
  MODIFY `id` int(11) NOT NULL AUTO_INCREMENT, AUTO_INCREMENT=50;
--
-- AUTO_INCREMENT for table `uplv`
--
ALTER TABLE `uplv`
  MODIFY `id` int(11) NOT NULL AUTO_INCREMENT, AUTO_INCREMENT=7;
--
-- AUTO_INCREMENT for table `users`
--
ALTER TABLE `users`
  MODIFY `id` int(11) NOT NULL AUTO_INCREMENT, AUTO_INCREMENT=52;
/*!40101 SET CHARACTER_SET_CLIENT=@OLD_CHARACTER_SET_CLIENT */;
/*!40101 SET CHARACTER_SET_RESULTS=@OLD_CHARACTER_SET_RESULTS */;
/*!40101 SET COLLATION_CONNECTION=@OLD_COLLATION_CONNECTION */;
